Date,City,AQI
2015-01,Ahmedabad,33.903225806451616
2015-01,Bengaluru,78.0
2015-01,Chennai,66.0
2015-01,Delhi,342.2903225806452
2015-01,Hyderabad,36.0
2015-01,Lucknow,45.0
2015-01,Mumbai,76.0
2015-02,Ahmedabad,496.14285714285717
2015-02,Bengaluru,78.0
2015-02,Chennai,66.0
2015-02,Delhi,327.92857142857144
2015-02,Hyderabad,36.0
2015-02,Lucknow,45.0
2015-02,Mumbai,76.0
2015-03,Ahmedabad,437.80645161290323
2015-03,Bengaluru,96.64516129032258
2015-03,Chennai,147.29032258064515
2015-03,Delhi,256.06451612903226
2015-03,Hyderabad,38.70967741935484
2015-03,Lucknow,122.80645161290323
2015-03,Mumbai,76.0
2015-04,Ahmedabad,300.6
2015-04,Bengaluru,113.73333333333333
2015-04,Chennai,178.26666666666668
2015-04,Delhi,305.26666666666665
2015-04,Hyderabad,136.96666666666667
2015-04,Lucknow,118.06666666666666
2015-04,Mumbai,76.0
2015-05,Ahmedabad,260.19354838709677
2015-05,Bengaluru,102.7741935483871
2015-05,Chennai,176.1290322580645
2015-05,Delhi,348.5806451612903
2015-05,Hyderabad,133.38709677419354
2015-05,Lucknow,137.0
2015-05,Mumbai,76.0
2015-06,Ahmedabad,207.06666666666666
2015-06,Bengaluru,108.3
2015-06,Chennai,152.2
2015-06,Delhi,258.3333333333333
2015-06,Hyderabad,155.53333333333333
2015-06,Lucknow,149.66666666666666
2015-06,Mumbai,76.0
2015-06,Patna,53.0
2015-07,Ahmedabad,165.4516129032258
2015-07,Bengaluru,160.5483870967742
2015-07,Chennai,164.06451612903226
2015-07,Delhi,200.29032258064515
2015-07,Hyderabad,78.48387096774194
2015-07,Lucknow,122.70967741935483
2015-07,Mumbai,76.0
2015-07,Patna,53.0
2015-08,Ahmedabad,223.96774193548387
2015-08,Bengaluru,134.8709677419355
2015-08,Chennai,122.61290322580645
2015-08,Delhi,218.06451612903226
2015-08,Hyderabad,132.93548387096774
2015-08,Lucknow,105.51612903225806
2015-08,Mumbai,76.0
2015-08,Patna,53.0
2015-09,Ahmedabad,253.63333333333333
2015-09,Bengaluru,98.36666666666666
2015-09,Chennai,120.73333333333333
2015-09,Delhi,225.3
2015-09,Hyderabad,170.1
2015-09,Lucknow,130.46666666666667
2015-09,Mumbai,76.0
2015-09,Patna,53.0
2015-10,Ahmedabad,470.9032258064516
2015-10,Bengaluru,105.3225806451613
2015-10,Chennai,143.58064516129033
2015-10,Delhi,325.0
2015-10,Hyderabad,217.06451612903226
2015-10,Lucknow,240.2258064516129
2015-10,Mumbai,76.0
2015-10,Patna,223.25806451612902
2015-11,Ahmedabad,361.2
2015-11,Bengaluru,83.93333333333334
2015-11,Chennai,120.63333333333334
2015-11,Delhi,405.03333333333336
2015-11,Gurugram,111.0
2015-11,Hyderabad,139.16666666666666
2015-11,Lucknow,397.76666666666665
2015-11,Mumbai,76.0
2015-11,Patna,371.0
2015-12,Ahmedabad,355.0
2015-12,Bengaluru,97.45161290322581
2015-12,Chennai,117.93548387096774
2015-12,Delhi,355.3225806451613
2015-12,Gurugram,111.0
2015-12,Hyderabad,124.74193548387096
2015-12,Lucknow,388.06451612903226
2015-12,Mumbai,76.0
2015-12,Patna,407.93548387096774
2016-01,Ahmedabad,355.0
2016-01,Bengaluru,134.32258064516128
2016-01,Chennai,143.83870967741936
2016-01,Delhi,441.9032258064516
2016-01,Gurugram,148.51612903225808
2016-01,Hyderabad,170.5483870967742
2016-01,Lucknow,362.51612903225805
2016-01,Mumbai,76.0
2016-01,Patna,435.80645161290323
2016-02,Ahmedabad,355.0
2016-02,Bengaluru,143.89655172413794
2016-02,Chennai,155.41379310344828
2016-02,Delhi,312.44827586206895
2016-02,Gurugram,234.41379310344828
2016-02,Hyderabad,148.44827586206895
2016-02,Lucknow,322.3448275862069
2016-02,Mumbai,76.0
2016-02,Patna,317.0689655172414
2016-03,Ahmedabad,355.0
2016-03,Bengaluru,145.58064516129033
2016-03,Chennai,155.06451612903226
2016-03,Delhi,230.09677419354838
2016-03,Gurugram,537.3548387096774
2016-03,Hyderabad,118.3225806451613
2016-03,Lucknow,217.51612903225808
2016-03,Mumbai,76.0
2016-03,Patna,237.5483870967742
2016-04,Ahmedabad,355.0
2016-04,Bengaluru,122.0
2016-04,Chennai,133.16666666666666
2016-04,Delhi,290.6666666666667
2016-04,Gurugram,269.46666666666664
2016-04,Hyderabad,109.73333333333333
2016-04,Lucknow,238.63333333333333
2016-04,Mumbai,76.0
2016-04,Patna,185.1
2016-05,Ahmedabad,355.0
2016-05,Bengaluru,67.87096774193549
2016-05,Chennai,129.25806451612902
2016-05,Delhi,268.35483870967744
2016-05,Gurugram,201.74193548387098
2016-05,Hyderabad,104.48387096774194
2016-05,Lucknow,185.80645161290323
2016-05,Mumbai,76.0
2016-05,Patna,189.67741935483872
2016-06,Ahmedabad,345.53333333333336
2016-06,Bengaluru,67.1
2016-06,Chennai,93.83333333333333
2016-06,Delhi,243.73333333333332
2016-06,Gurugram,190.43333333333334
2016-06,Hyderabad,139.03333333333333
2016-06,Lucknow,153.06666666666666
2016-06,Mumbai,76.0
2016-06,Patna,146.96666666666667
2016-07,Ahmedabad,316.6774193548387
2016-07,Bengaluru,110.38709677419355
2016-07,Chennai,91.93548387096774
2016-07,Delhi,164.90322580645162
2016-07,Gurugram,136.29032258064515
2016-07,Hyderabad,156.2258064516129
2016-07,Lucknow,112.45161290322581
2016-07,Mumbai,76.0
2016-07,Patna,114.83870967741936
2016-07,Visakhapatnam,90.83870967741936
2016-08,Ahmedabad,314.64516129032256
2016-08,Bengaluru,64.41935483870968
2016-08,Chennai,134.74193548387098
2016-08,Delhi,147.41935483870967
2016-08,Gurugram,89.06451612903226
2016-08,Hyderabad,122.64516129032258
2016-08,Lucknow,90.64516129032258
2016-08,Mumbai,76.0
2016-08,Patna,125.25806451612904
2016-08,Visakhapatnam,88.87096774193549
2016-09,Ahmedabad,220.43333333333334
2016-09,Bengaluru,72.33333333333333
2016-09,Chennai,184.93333333333334
2016-09,Delhi,218.7
2016-09,Gurugram,105.46666666666667
2016-09,Hyderabad,71.66666666666667
2016-09,Lucknow,105.7
2016-09,Mumbai,76.0
2016-09,Patna,145.46666666666667
2016-09,Visakhapatnam,94.0
2016-10,Ahmedabad,323.48387096774195
2016-10,Bengaluru,116.61290322580645
2016-10,Chennai,150.03225806451613
2016-10,Delhi,411.06451612903226
2016-10,Gurugram,177.6451612903226
2016-10,Hyderabad,91.7741935483871
2016-10,Lucknow,245.03225806451613
2016-10,Mumbai,76.0
2016-10,Patna,261.5483870967742
2016-10,Visakhapatnam,109.45161290322581
2016-11,Ahmedabad,365.8
2016-11,Bengaluru,110.7
2016-11,Chennai,140.93333333333334
2016-11,Delhi,474.8333333333333
2016-11,Gurugram,347.1
2016-11,Hyderabad,125.16666666666667
2016-11,Lucknow,385.6333333333333
2016-11,Mumbai,76.0
2016-11,Patna,401.06666666666666
2016-11,Visakhapatnam,115.1
2016-12,Ahmedabad,361.0
2016-12,Bengaluru,115.38709677419355
2016-12,Chennai,99.87096774193549
2016-12,Delhi,409.2903225806452
2016-12,Gurugram,380.1290322580645
2016-12,Hyderabad,112.45161290322581
2016-12,Lucknow,389.3225806451613
2016-12,Mumbai,76.0
2016-12,Patna,403.0
2016-12,Visakhapatnam,117.35483870967742
2017-01,Ahmedabad,361.0
2017-01,Bengaluru,114.61290322580645
2017-01,Chennai,124.41935483870968
2017-01,Delhi,354.19354838709677
2017-01,Gurugram,382.5483870967742
2017-01,Hyderabad,149.41935483870967
2017-01,Lucknow,330.5806451612903
2017-01,Mumbai,76.0
2017-01,Patna,356.9032258064516
2017-01,Visakhapatnam,139.5483870967742
2017-02,Ahmedabad,361.0
2017-02,Amritsar,53.0
2017-02,Bengaluru,119.17857142857143
2017-02,Chennai,120.35714285714286
2017-02,Delhi,343.92857142857144
2017-02,Gurugram,309.2142857142857
2017-02,Hyderabad,148.14285714285714
2017-02,Lucknow,296.39285714285717
2017-02,Mumbai,76.0
2017-02,Patna,299.42857142857144
2017-02,Visakhapatnam,174.14285714285714
2017-03,Ahmedabad,361.0
2017-03,Amritsar,89.93548387096774
2017-03,Bengaluru,81.19354838709677
2017-03,Chennai,110.64516129032258
2017-03,Delhi,282.258064516129
2017-03,Gurugram,218.19354838709677
2017-03,Hyderabad,135.0
2017-03,Lucknow,247.06451612903226
2017-03,Mumbai,76.0
2017-03,Patna,261.61290322580646
2017-03,Visakhapatnam,121.54838709677419
2017-04,Ahmedabad,361.0
2017-04,Amritsar,62.86666666666667
2017-04,Bengaluru,92.0
2017-04,Chennai,105.6
2017-04,Delhi,316.8
2017-04,Gurugram,315.56666666666666
2017-04,Hyderabad,148.16666666666666
2017-04,Jorapokhar,148.72727272727272
2017-04,Lucknow,249.5
2017-04,Mumbai,76.0
2017-04,Patna,256.26666666666665
2017-04,Visakhapatnam,128.63333333333333
2017-05,Ahmedabad,361.0
2017-05,Amritsar,119.3225806451613
2017-05,Bengaluru,66.96774193548387
2017-05,Chennai,121.58064516129032
2017-05,Delhi,315.4193548387097
2017-05,Gurugram,349.7096774193548
2017-05,Hyderabad,113.19354838709677
2017-05,Jorapokhar,117.19354838709677
2017-05,Lucknow,252.2258064516129
2017-05,Mumbai,76.0
2017-05,Patna,261.0
2017-05,Visakhapatnam,131.0
2017-06,Ahmedabad,361.0
2017-06,Amritsar,90.76666666666667
2017-06,Bengaluru,59.7
2017-06,Chennai,80.76666666666667
2017-06,Delhi,144.06666666666666
2017-06,Gurugram,336.56666666666666
2017-06,Hyderabad,74.13333333333334
2017-06,Jaipur,70.58823529411765
2017-06,Jorapokhar,117.6
2017-06,Lucknow,186.03333333333333
2017-06,Mumbai,76.0
2017-06,Patna,261.0
2017-06,Thiruvananthapuram,70.46666666666667
2017-06,Visakhapatnam,131.0
2017-07,Ahmedabad,361.0
2017-07,Amritsar,99.64516129032258
2017-07,Bengaluru,94.3225806451613
2017-07,Chennai,102.0
2017-07,Delhi,67.16129032258064
2017-07,Gurugram,349.96774193548384
2017-07,Hyderabad,61.58064516129032
2017-07,Jaipur,82.6774193548387
2017-07,Jorapokhar,88.64516129032258
2017-07,Lucknow,77.29032258064517
2017-07,Mumbai,76.0
2017-07,Patna,261.0
2017-07,Thiruvananthapuram,48.064516129032256
2017-07,Visakhapatnam,131.0
2017-08,Ahmedabad,361.0
2017-08,Amritsar,109.7741935483871
2017-08,Bengaluru,83.0
2017-08,Chennai,93.58064516129032
2017-08,Delhi,69.70967741935483
2017-08,Gurugram,142.48387096774192
2017-08,Hyderabad,64.41935483870968
2017-08,Jaipur,111.06451612903226
2017-08,Jorapokhar,76.38709677419355
2017-08,Lucknow,96.45161290322581
2017-08,Mumbai,76.0
2017-08,Patna,261.0
2017-08,Thiruvananthapuram,61.903225806451616
2017-08,Visakhapatnam,131.0
2017-09,Ahmedabad,361.0
2017-09,Amritsar,150.7
2017-09,Bengaluru,72.46666666666667
2017-09,Chennai,88.43333333333334
2017-09,Delhi,114.66666666666667
2017-09,Gurugram,144.93333333333334
2017-09,Hyderabad,68.8
2017-09,Jaipur,125.2
2017-09,Jorapokhar,85.0
2017-09,Lucknow,105.86666666666666
2017-09,Mumbai,76.0
2017-09,Patna,261.0
2017-09,Thiruvananthapuram,59.36666666666667
2017-09,Visakhapatnam,131.0
2017-10,Ahmedabad,402.2258064516129
2017-10,Amritsar,268.51612903225805
2017-10,Bengaluru,89.6774193548387
2017-10,Chennai,104.87096774193549
2017-10,Delhi,284.16129032258067
2017-10,Gurugram,251.51612903225808
2017-10,Hyderabad,121.38709677419355
2017-10,Jaipur,212.74193548387098
2017-10,Jorapokhar,85.0
2017-10,Lucknow,259.06451612903226
2017-10,Mumbai,76.0
2017-10,Patna,201.29032258064515
2017-10,Thiruvananthapuram,37.16129032258065
2017-10,Visakhapatnam,130.51612903225808
2017-11,Ahmedabad,764.1
2017-11,Amaravati,160.71428571428572
2017-11,Amritsar,282.2
2017-11,Bengaluru,77.23333333333333
2017-11,Chennai,92.13333333333334
2017-11,Delhi,406.73333333333335
2017-11,Gurugram,372.8
2017-11,Hyderabad,120.36666666666666
2017-11,Jaipur,239.6
2017-11,Jorapokhar,85.0
2017-11,Lucknow,383.1333333333333
2017-11,Mumbai,76.0
2017-11,Patna,330.3
2017-11,Thiruvananthapuram,88.86666666666666
2017-11,Visakhapatnam,110.3
2017-12,Ahmedabad,371.80645161290323
2017-12,Amaravati,194.1290322580645
2017-12,Amritsar,219.70967741935485
2017-12,Bengaluru,96.6774193548387
2017-12,Brajrajnagar,191.32
2017-12,Chennai,106.41935483870968
2017-12,Delhi,337.1290322580645
2017-12,Gurugram,296.7096774193548
2017-12,Hyderabad,143.74193548387098
2017-12,Jaipur,168.38709677419354
2017-12,Jorapokhar,112.7741935483871
2017-12,Lucknow,374.48387096774195
2017-12,Mumbai,76.0
2017-12,Patna,407.61290322580646
2017-12,Talcher,24.0
2017-12,Thiruvananthapuram,91.19354838709677
2017-12,Visakhapatnam,175.03225806451613
2018-01,Ahmedabad,708.5806451612904
2018-01,Amaravati,172.4516129032258
2018-01,Amritsar,182.80645161290323
2018-01,Bengaluru,97.58064516129032
2018-01,Brajrajnagar,155.0
2018-01,Chennai,153.70967741935485
2018-01,Delhi,349.741935483871
2018-01,Gurugram,343.4516129032258
2018-01,Hyderabad,143.09677419354838
2018-01,Jaipur,190.29032258064515
2018-01,Jorapokhar,154.5483870967742
2018-01,Lucknow,377.96774193548384
2018-01,Mumbai,76.0
2018-01,Patna,371.0
2018-01,Talcher,24.0
2018-01,Thiruvananthapuram,137.25806451612902
2018-01,Visakhapatnam,223.8709677419355
2018-02,Ahmedabad,974.4285714285714
2018-02,Amaravati,107.03571428571429
2018-02,Amritsar,128.03571428571428
2018-02,Bengaluru,81.0
2018-02,Brajrajnagar,222.85714285714286
2018-02,Chennai,116.14285714285714
2018-02,Delhi,289.17857142857144
2018-02,Gurugram,309.75
2018-02,Hyderabad,112.35714285714286
2018-02,Jaipur,184.78571428571428
2018-02,Jorapokhar,164.92857142857142
2018-02,Lucknow,317.7142857142857
2018-02,Mumbai,76.0
2018-02,Patna,310.35714285714283
2018-02,Talcher,268.14285714285717
2018-02,Thiruvananthapuram,94.21428571428571
2018-02,Visakhapatnam,151.39285714285714
2018-03,Ahmedabad,781.2258064516129
2018-03,Amaravati,79.96774193548387
2018-03,Amritsar,95.51612903225806
2018-03,Bengaluru,92.58064516129032
2018-03,Brajrajnagar,269.35483870967744
2018-03,Chennai,108.74193548387096
2018-03,Delhi,234.1290322580645
2018-03,Gurugram,188.90322580645162
2018-03,Hyderabad,113.06451612903226
2018-03,Jaipur,124.03225806451613
2018-03,Jorapokhar,156.96774193548387
2018-03,Lucknow,236.48387096774192
2018-03,Mumbai,76.0
2018-03,Patna,272.3225806451613
2018-03,Talcher,302.1290322580645
2018-03,Thiruvananthapuram,85.41935483870968
2018-03,Visakhapatnam,115.90322580645162
2018-04,Ahmedabad,556.2666666666667
2018-04,Amaravati,53.43333333333333
2018-04,Amritsar,104.3
2018-04,Bengaluru,86.2
2018-04,Brajrajnagar,143.73333333333332
2018-04,Chennai,69.16666666666667
2018-04,Delhi,245.53333333333333
2018-04,Gurugram,212.53333333333333
2018-04,Hyderabad,96.26666666666667
2018-04,Jaipur,156.3
2018-04,Jorapokhar,122.46666666666667
2018-04,Kolkata,73.38095238095238
2018-04,Lucknow,180.83333333333334
2018-04,Mumbai,76.0
2018-04,Patna,202.4
2018-04,Talcher,134.56666666666666
2018-04,Thiruvananthapuram,78.93333333333334
2018-04,Visakhapatnam,75.26666666666667
2018-05,Ahmedabad,328.1290322580645
2018-05,Amaravati,86.3225806451613
2018-05,Amritsar,148.32258064516128
2018-05,Bengaluru,92.29032258064517
2018-05,Brajrajnagar,123.70967741935483
2018-05,Chennai,82.80645161290323
2018-05,Delhi,235.32258064516128
2018-05,Gurugram,214.5483870967742
2018-05,Hyderabad,98.74193548387096
2018-05,Jaipur,172.2258064516129
2018-05,Jorapokhar,128.0
2018-05,Kolkata,69.0
2018-05,Lucknow,255.6451612903226
2018-05,Mumbai,79.16129032258064
2018-05,Patna,169.1290322580645
2018-05,Talcher,114.2258064516129
2018-05,Thiruvananthapuram,64.2258064516129
2018-05,Visakhapatnam,80.54838709677419
2018-06,Ahmedabad,430.5
2018-06,Amaravati,90.03333333333333
2018-06,Amritsar,208.96666666666667
2018-06,Bengaluru,66.93333333333334
2018-06,Brajrajnagar,116.4
2018-06,Chennai,96.86666666666666
2018-06,Delhi,224.36666666666667
2018-06,Gurugram,261.93333333333334
2018-06,Hyderabad,65.6
2018-06,Jaipur,171.16666666666666
2018-06,Jorapokhar,106.46666666666667
2018-06,Kolkata,72.16666666666667
2018-06,Lucknow,174.93333333333334
2018-06,Mumbai,81.86666666666666
2018-06,Patna,147.46666666666667
2018-06,Talcher,123.26666666666667
2018-06,Thiruvananthapuram,55.5
2018-06,Visakhapatnam,105.6
2018-07,Ahmedabad,453.80645161290323
2018-07,Amaravati,65.3225806451613
2018-07,Amritsar,66.6774193548387
2018-07,Bengaluru,61.774193548387096
2018-07,Brajrajnagar,88.38709677419355
2018-07,Chennai,93.3225806451613
2018-07,Delhi,112.41935483870968
2018-07,Gurugram,105.09677419354838
2018-07,Hyderabad,54.25806451612903
2018-07,Jaipur,110.03225806451613
2018-07,Jorapokhar,87.93548387096774
2018-07,Kolkata,51.61290322580645
2018-07,Lucknow,97.41935483870968
2018-07,Mumbai,69.48387096774194
2018-07,Patna,95.12903225806451
2018-07,Talcher,114.25806451612904
2018-07,Thiruvananthapuram,53.41935483870968
2018-07,Visakhapatnam,92.35483870967742
2018-08,Ahmedabad,465.51612903225805
2018-08,Amaravati,69.54838709677419
2018-08,Amritsar,55.32258064516129
2018-08,Bengaluru,62.83870967741935
2018-08,Brajrajnagar,74.0
2018-08,Chennai,86.48387096774194
2018-08,Delhi,122.06451612903226
2018-08,Gurugram,131.25806451612902
2018-08,Hyderabad,54.096774193548384
2018-08,Jaipur,105.0
2018-08,Jorapokhar,118.87096774193549
2018-08,Kolkata,70.3225806451613
2018-08,Lucknow,100.03225806451613
2018-08,Mumbai,74.80645161290323
2018-08,Patna,103.70967741935483
2018-08,Talcher,92.35483870967742
2018-08,Thiruvananthapuram,76.64516129032258
2018-08,Visakhapatnam,91.45161290322581
2018-09,Ahmedabad,545.8666666666667
2018-09,Amaravati,79.5
2018-09,Amritsar,57.9
2018-09,Bengaluru,76.16666666666667
2018-09,Brajrajnagar,82.0
2018-09,Chennai,96.46666666666667
2018-09,Delhi,121.93333333333334
2018-09,Gurugram,140.56666666666666
2018-09,Hyderabad,79.03333333333333
2018-09,Jaipur,99.0
2018-09,Jorapokhar,82.4
2018-09,Kolkata,83.06666666666666
2018-09,Lucknow,107.6
2018-09,Mumbai,87.23333333333333
2018-09,Patna,124.3
2018-09,Talcher,58.3
2018-09,Thiruvananthapuram,59.93333333333333
2018-09,Visakhapatnam,104.73333333333333
2018-10,Ahmedabad,681.3870967741935
2018-10,Amaravati,101.87096774193549
2018-10,Amritsar,127.29032258064517
2018-10,Bengaluru,94.70967741935483
2018-10,Brajrajnagar,96.29032258064517
2018-10,Chennai,104.03225806451613
2018-10,Delhi,290.4193548387097
2018-10,Gurugram,306.64516129032256
2018-10,Hyderabad,110.06451612903226
2018-10,Jaipur,148.1290322580645
2018-10,Jorapokhar,208.90322580645162
2018-10,Kolkata,163.06451612903226
2018-10,Lucknow,264.61290322580646
2018-10,Mumbai,126.70967741935483
2018-10,Patna,249.90322580645162
2018-10,Talcher,66.80645161290323
2018-10,Thiruvananthapuram,71.74193548387096
2018-10,Visakhapatnam,141.61290322580646
2018-11,Ahmedabad,955.3666666666667
2018-11,Amaravati,117.53333333333333
2018-11,Amritsar,140.06666666666666
2018-11,Bengaluru,104.2
2018-11,Brajrajnagar,213.66666666666666
2018-11,Chennai,118.83333333333333
2018-11,Delhi,367.06666666666666
2018-11,Gurugram,324.7
2018-11,Hyderabad,110.96666666666667
2018-11,Jaipur,178.13333333333333
2018-11,Jorapokhar,349.3
2018-11,Kolkata,283.6666666666667
2018-11,Lucknow,351.6
2018-11,Mumbai,154.06666666666666
2018-11,Patna,367.2
2018-11,Talcher,305.0
2018-11,Thiruvananthapuram,97.2
2018-11,Visakhapatnam,112.6
2018-12,Ahmedabad,665.3870967741935
2018-12,Amaravati,171.74193548387098
2018-12,Amritsar,129.3548387096774
2018-12,Bengaluru,119.0
2018-12,Brajrajnagar,212.25806451612902
2018-12,Chennai,139.03225806451613
2018-12,Delhi,400.38709677419354
2018-12,Gurugram,291.1290322580645
2018-12,Hyderabad,133.32258064516128
2018-12,Jaipur,164.74193548387098
2018-12,Jorapokhar,335.2258064516129
2018-12,Kolkata,338.258064516129
2018-12,Lucknow,344.6774193548387
2018-12,Mumbai,153.0
2018-12,Patna,404.51612903225805
2018-12,Talcher,276.19354838709677
2018-12,Thiruvananthapuram,125.35483870967742
2018-12,Visakhapatnam,168.41935483870967
2019-01,Ahmedabad,755.516129032258
2019-01,Amaravati,218.61290322580646
2019-01,Amritsar,92.93548387096774
2019-01,Bengaluru,116.80645161290323
2019-01,Brajrajnagar,259.96774193548384
2019-01,Chennai,131.0
2019-01,Delhi,365.741935483871
2019-01,Gurugram,291.4193548387097
2019-01,Hyderabad,133.29032258064515
2019-01,Jaipur,150.29032258064515
2019-01,Jorapokhar,324.61290322580646
2019-01,Kolkata,360.83870967741933
2019-01,Lucknow,315.51612903225805
2019-01,Mumbai,165.51612903225808
2019-01,Patna,405.2903225806452
2019-01,Talcher,291.06451612903226
2019-01,Thiruvananthapuram,128.16129032258064
2019-01,Visakhapatnam,263.1290322580645
2019-02,Ahmedabad,560.5357142857143
2019-02,Amaravati,114.46428571428571
2019-02,Amritsar,94.89285714285714
2019-02,Bengaluru,106.25
2019-02,Brajrajnagar,205.14285714285714
2019-02,Chennai,118.07142857142857
2019-02,Delhi,258.17857142857144
2019-02,Gurugram,184.39285714285714
2019-02,Guwahati,170.53846153846155
2019-02,Hyderabad,113.25
2019-02,Jaipur,118.71428571428571
2019-02,Jorapokhar,187.21428571428572
2019-02,Kolkata,266.07142857142856
2019-02,Lucknow,243.07142857142858
2019-02,Mumbai,149.82142857142858
2019-02,Patna,296.10714285714283
2019-02,Talcher,326.64285714285717
2019-02,Thiruvananthapuram,88.42857142857143
2019-02,Visakhapatnam,152.0
2019-03,Ahmedabad,601.741935483871
2019-03,Amaravati,79.96774193548387
2019-03,Amritsar,98.06451612903226
2019-03,Bengaluru,122.12903225806451
2019-03,Brajrajnagar,186.8709677419355
2019-03,Chennai,101.41935483870968
2019-03,Delhi,197.3548387096774
2019-03,Gurugram,150.48387096774192
2019-03,Guwahati,223.29032258064515
2019-03,Hyderabad,106.16129032258064
2019-03,Jaipur,106.7741935483871
2019-03,Jorapokhar,150.1290322580645
2019-03,Kolkata,157.7741935483871
2019-03,Lucknow,217.6451612903226
2019-03,Mumbai,123.48387096774194
2019-03,Patna,214.03225806451613
2019-03,Talcher,221.80645161290323
2019-03,Thiruvananthapuram,88.83870967741936
2019-03,Visakhapatnam,94.80645161290323
2019-04,Ahmedabad,630.9666666666667
2019-04,Amaravati,78.13333333333334
2019-04,Amritsar,112.0
2019-04,Bengaluru,124.3
2019-04,Brajrajnagar,209.7
2019-04,Chennai,87.53333333333333
2019-04,Delhi,219.4
2019-04,Gurugram,213.63333333333333
2019-04,Guwahati,105.93333333333334
2019-04,Hyderabad,94.8
2019-04,Jaipur,151.0
2019-04,Jorapokhar,119.66666666666667
2019-04,Kolkata,86.8
2019-04,Lucknow,217.7
2019-04,Mumbai,98.06666666666666
2019-04,Patna,151.1
2019-04,Talcher,136.03333333333333
2019-04,Thiruvananthapuram,69.93333333333334
2019-04,Visakhapatnam,92.6
2019-05,Ahmedabad,393.1290322580645
2019-05,Amaravati,105.83870967741936
2019-05,Amritsar,113.25806451612904
2019-05,Bengaluru,105.38709677419355
2019-05,Brajrajnagar,127.12903225806451
2019-05,Chennai,103.61290322580645
2019-05,Delhi,235.83870967741936
2019-05,Gurugram,219.4516129032258
2019-05,Guwahati,108.83870967741936
2019-05,Hyderabad,113.41935483870968
2019-05,Jaipur,142.16129032258064
2019-05,Jorapokhar,128.19354838709677
2019-05,Kolkata,88.54838709677419
2019-05,Lucknow,184.09677419354838
2019-05,Mumbai,87.87096774193549
2019-05,Patna,170.80645161290323
2019-05,Talcher,128.8709677419355
2019-05,Thiruvananthapuram,75.41935483870968
2019-05,Visakhapatnam,124.03225806451613
2019-06,Ahmedabad,395.1333333333333
2019-06,Amaravati,66.33333333333333
2019-06,Amritsar,106.0
2019-06,Bengaluru,70.53333333333333
2019-06,Brajrajnagar,104.06666666666666
2019-06,Chennai,112.66666666666667
2019-06,Coimbatore,67.94736842105263
2019-06,Delhi,197.76666666666668
2019-06,Gurugram,198.73333333333332
2019-06,Guwahati,56.9
2019-06,Hyderabad,64.66666666666667
2019-06,Jaipur,119.96666666666667
2019-06,Jorapokhar,118.0
2019-06,Kolkata,71.63333333333334
2019-06,Lucknow,167.7
2019-06,Mumbai,72.0
2019-06,Patna,137.53333333333333
2019-06,Talcher,105.06666666666666
2019-06,Thiruvananthapuram,47.5
2019-06,Visakhapatnam,104.23333333333333
2019-07,Ahmedabad,479.9032258064516
2019-07,Amaravati,48.70967741935484
2019-07,Amritsar,73.70967741935483
2019-07,Bengaluru,63.74193548387097
2019-07,Brajrajnagar,93.54838709677419
2019-07,Chennai,88.70967741935483
2019-07,Coimbatore,66.6774193548387
2019-07,Delhi,145.09677419354838
2019-07,Gurugram,114.09677419354838
2019-07,Guwahati,73.6774193548387
2019-07,Hyderabad,48.096774193548384
2019-07,Jaipur,84.80645161290323
2019-07,Jorapokhar,108.6774193548387
2019-07,Kolkata,61.935483870967744
2019-07,Lucknow,94.41935483870968
2019-07,Mumbai,65.45161290322581
2019-07,Patna,95.58064516129032
2019-07,Talcher,95.06451612903226
2019-07,Thiruvananthapuram,56.96774193548387
2019-07,Visakhapatnam,95.2258064516129
2019-08,Ahmedabad,516.8709677419355
2019-08,Amaravati,44.74193548387097
2019-08,Amritsar,58.61290322580645
2019-08,Bengaluru,59.354838709677416
2019-08,Brajrajnagar,100.7741935483871
2019-08,Chennai,85.54838709677419
2019-08,Coimbatore,78.51612903225806
2019-08,Delhi,99.29032258064517
2019-08,Gurugram,66.19354838709677
2019-08,Guwahati,121.0
2019-08,Hyderabad,57.25806451612903
2019-08,Jaipur,65.83870967741936
2019-08,Jorapokhar,109.61290322580645
2019-08,Kolkata,54.064516129032256
2019-08,Lucknow,90.3225806451613
2019-08,Mumbai,63.70967741935484
2019-08,Patna,110.0
2019-08,Shillong,48.4
2019-08,Talcher,99.3225806451613
2019-08,Thiruvananthapuram,51.87096774193548
2019-08,Visakhapatnam,95.16129032258064
2019-09,Ahmedabad,466.3333333333333
2019-09,Amaravati,37.0
2019-09,Amritsar,79.83333333333333
2019-09,Bengaluru,72.96666666666667
2019-09,Bhopal,71.64285714285714
2019-09,Brajrajnagar,94.96666666666667
2019-09,Chandigarh,83.37931034482759
2019-09,Chennai,103.63333333333334
2019-09,Coimbatore,87.33333333333333
2019-09,Delhi,106.53333333333333
2019-09,Gurugram,88.56666666666666
2019-09,Guwahati,48.233333333333334
2019-09,Hyderabad,49.96666666666667
2019-09,Jaipur,76.33333333333333
2019-09,Jorapokhar,73.26666666666667
2019-09,Kolkata,46.36666666666667
2019-09,Lucknow,76.63333333333334
2019-09,Mumbai,58.06666666666667
2019-09,Patna,107.06666666666666
2019-09,Shillong,39.9
2019-09,Talcher,70.16666666666667
2019-09,Thiruvananthapuram,59.93333333333333
2019-09,Visakhapatnam,86.1
2019-10,Ahmedabad,652.741935483871
2019-10,Amaravati,50.74193548387097
2019-10,Amritsar,149.16129032258064
2019-10,Bengaluru,81.12903225806451
2019-10,Bhopal,135.32258064516128
2019-10,Brajrajnagar,102.96774193548387
2019-10,Chandigarh,140.2258064516129
2019-10,Chennai,102.90322580645162
2019-10,Coimbatore,94.2258064516129
2019-10,Delhi,251.0
2019-10,Gurugram,215.3548387096774
2019-10,Guwahati,98.87096774193549
2019-10,Hyderabad,78.51612903225806
2019-10,Jaipur,137.80645161290323
2019-10,Jorapokhar,96.29032258064517
2019-10,Kolkata,125.51612903225806
2019-10,Lucknow,205.38709677419354
2019-10,Mumbai,94.74193548387096
2019-10,Patna,199.3548387096774
2019-10,Shillong,51.67741935483871
2019-10,Talcher,74.38709677419355
2019-10,Thiruvananthapuram,63.45161290322581
2019-10,Visakhapatnam,97.0
2019-11,Ahmedabad,451.0
2019-11,Amaravati,117.8
2019-11,Amritsar,192.76666666666668
2019-11,Bengaluru,96.2
2019-11,Bhopal,205.6
2019-11,Brajrajnagar,158.46666666666667
2019-11,Chandigarh,168.46666666666667
2019-11,Chennai,121.96666666666667
2019-11,Coimbatore,71.1
2019-11,Delhi,356.1
2019-11,Gurugram,311.06666666666666
2019-11,Guwahati,140.4
2019-11,Hyderabad,137.96666666666667
2019-11,Jaipur,163.2
2019-11,Jorapokhar,191.13333333333333
2019-11,Kolkata,204.93333333333334
2019-11,Lucknow,329.3666666666667
2019-11,Mumbai,136.23333333333332
2019-11,Patna,362.1333333333333
2019-11,Shillong,39.233333333333334
2019-11,Talcher,200.5
2019-11,Thiruvananthapuram,78.86666666666666
2019-11,Visakhapatnam,151.1
2019-12,Ahmedabad,293.5483870967742
2019-12,Amaravati,116.58064516129032
2019-12,Amritsar,137.93548387096774
2019-12,Bengaluru,81.7741935483871
2019-12,Bhopal,185.51612903225808
2019-12,Brajrajnagar,141.5483870967742
2019-12,Chandigarh,139.6451612903226
2019-12,Chennai,80.16129032258064
2019-12,Coimbatore,71.19354838709677
2019-12,Delhi,353.9032258064516
2019-12,Gurugram,287.48387096774195
2019-12,Guwahati,268.9032258064516
2019-12,Hyderabad,131.32258064516128
2019-12,Jaipur,130.0
2019-12,Jorapokhar,193.80645161290323
2019-12,Kolkata,208.90322580645162
2019-12,Lucknow,292.19354838709677
2019-12,Mumbai,182.32258064516128
2019-12,Patna,356.1290322580645
2019-12,Shillong,49.0
2019-12,Talcher,244.7741935483871
2019-12,Thiruvananthapuram,90.6774193548387
2019-12,Visakhapatnam,118.35483870967742
2020-01,Ahmedabad,318.48387096774195
2020-01,Amaravati,88.03225806451613
2020-01,Amritsar,104.80645161290323
2020-01,Bengaluru,95.3225806451613
2020-01,Bhopal,160.51612903225808
2020-01,Brajrajnagar,156.8709677419355
2020-01,Chandigarh,94.06451612903226
2020-01,Chennai,87.51612903225806
2020-01,Coimbatore,75.93548387096774
2020-01,Delhi,308.4516129032258
2020-01,Ernakulam,126.1
2020-01,Gurugram,242.2258064516129
2020-01,Guwahati,291.64516129032256
2020-01,Hyderabad,104.54838709677419
2020-01,Jaipur,112.45161290322581
2020-01,Jorapokhar,162.93548387096774
2020-01,Kochi,149.1
2020-01,Kolkata,216.93548387096774
2020-01,Lucknow,272.64516129032256
2020-01,Mumbai,168.6451612903226
2020-01,Patna,262.83870967741933
2020-01,Shillong,62.29032258064516
2020-01,Talcher,303.7741935483871
2020-01,Thiruvananthapuram,78.25806451612904
2020-01,Visakhapatnam,124.12903225806451
2020-02,Ahmedabad,547.6896551724138
2020-02,Amaravati,67.10344827586206
2020-02,Amritsar,128.6206896551724
2020-02,Bengaluru,96.48275862068965
2020-02,Bhopal,128.6206896551724
2020-02,Brajrajnagar,139.10344827586206
2020-02,Chandigarh,93.37931034482759
2020-02,Chennai,78.13793103448276
2020-02,Coimbatore,84.0
2020-02,Delhi,262.13793103448273
2020-02,Ernakulam,96.17241379310344
2020-02,Gurugram,197.13793103448276
2020-02,Guwahati,266.62068965517244
2020-02,Hyderabad,94.96551724137932
2020-02,Jaipur,125.24137931034483
2020-02,Jorapokhar,167.27586206896552
2020-02,Kochi,121.06896551724138
2020-02,Kolkata,197.72413793103448
2020-02,Lucknow,216.6551724137931
2020-02,Mumbai,159.20689655172413
2020-02,Patna,201.20689655172413
2020-02,Shillong,96.3103448275862
2020-02,Talcher,188.06896551724137
2020-02,Thiruvananthapuram,88.62068965517241
2020-02,Visakhapatnam,96.6896551724138
2020-03,Ahmedabad,300.38709677419354
2020-03,Aizawl,67.9047619047619
2020-03,Amaravati,52.54838709677419
2020-03,Amritsar,84.48387096774194
2020-03,Bengaluru,90.74193548387096
2020-03,Bhopal,102.6774193548387
2020-03,Brajrajnagar,109.80645161290323
2020-03,Chandigarh,55.41935483870968
2020-03,Chennai,70.29032258064517
2020-03,Coimbatore,76.61290322580645
2020-03,Delhi,135.83870967741936
2020-03,Ernakulam,83.03225806451613
2020-03,Gurugram,122.03225806451613
2020-03,Guwahati,193.80645161290323
2020-03,Hyderabad,78.74193548387096
2020-03,Jaipur,100.93548387096774
2020-03,Jorapokhar,143.67741935483872
2020-03,Kochi,128.4516129032258
2020-03,Kolkata,122.83870967741936
2020-03,Lucknow,134.0
2020-03,Mumbai,104.64516129032258
2020-03,Patna,158.41935483870967
2020-03,Shillong,67.87096774193549
2020-03,Talcher,111.16129032258064
2020-03,Thiruvananthapuram,74.74193548387096
2020-03,Visakhapatnam,85.7741935483871
2020-04,Ahmedabad,120.73333333333333
2020-04,Aizawl,39.233333333333334
2020-04,Amaravati,44.4
2020-04,Amritsar,58.96666666666667
2020-04,Bengaluru,68.53333333333333
2020-04,Bhopal,95.86666666666666
2020-04,Brajrajnagar,135.06666666666666
2020-04,Chandigarh,45.56666666666667
2020-04,Chennai,63.5
2020-04,Coimbatore,78.56666666666666
2020-04,Delhi,113.0
2020-04,Ernakulam,70.1
2020-04,Gurugram,111.16666666666667
2020-04,Guwahati,127.83333333333333
2020-04,Hyderabad,65.0
2020-04,Jaipur,86.2
2020-04,Jorapokhar,121.4
2020-04,Kochi,77.03333333333333
2020-04,Kolkata,70.36666666666666
2020-04,Lucknow,106.73333333333333
2020-04,Mumbai,74.33333333333333
2020-04,Patna,131.16666666666666
2020-04,Shillong,61.233333333333334
2020-04,Talcher,131.83333333333334
2020-04,Thiruvananthapuram,57.06666666666667
2020-04,Visakhapatnam,53.1
2020-05,Ahmedabad,128.67741935483872
2020-05,Aizawl,24.193548387096776
2020-05,Amaravati,59.096774193548384
2020-05,Amritsar,77.6774193548387
2020-05,Bengaluru,73.16129032258064
2020-05,Bhopal,104.45161290322581
2020-05,Brajrajnagar,124.12903225806451
2020-05,Chandigarh,74.12903225806451
2020-05,Chennai,78.6774193548387
2020-05,Coimbatore,57.483870967741936
2020-05,Delhi,148.6451612903226
2020-05,Ernakulam,97.2258064516129
2020-05,Gurugram,146.80645161290323
2020-05,Guwahati,52.74193548387097
2020-05,Hyderabad,79.35483870967742
2020-05,Jaipur,113.25806451612904
2020-05,Jorapokhar,135.58064516129033
2020-05,Kochi,83.38709677419355
2020-05,Kolkata,53.16129032258065
2020-05,Lucknow,119.09677419354838
2020-05,Mumbai,63.935483870967744
2020-05,Patna,138.51612903225808
2020-05,Shillong,32.45161290322581
2020-05,Talcher,102.51612903225806
2020-05,Thiruvananthapuram,55.96774193548387
2020-05,Visakhapatnam,64.90322580645162
2020-06,Ahmedabad,99.1
2020-06,Aizawl,20.8
2020-06,Amaravati,47.86666666666667
2020-06,Amritsar,101.53333333333333
2020-06,Bengaluru,55.166666666666664
2020-06,Bhopal,71.66666666666667
2020-06,Brajrajnagar,95.96666666666667
2020-06,Chandigarh,66.5
2020-06,Chennai,103.06666666666666
2020-06,Coimbatore,38.36666666666667
2020-06,Delhi,125.73333333333333
2020-06,Ernakulam,103.43333333333334
2020-06,Gurugram,132.73333333333332
2020-06,Guwahati,42.3
2020-06,Hyderabad,47.06666666666667
2020-06,Jaipur,94.1
2020-06,Jorapokhar,136.53333333333333
2020-06,Kochi,93.86666666666666
2020-06,Kolkata,46.46666666666667
2020-06,Lucknow,96.5
2020-06,Mumbai,53.3
2020-06,Patna,82.36666666666666
2020-06,Shillong,32.766666666666666
2020-06,Talcher,86.86666666666666
2020-06,Thiruvananthapuram,45.4
2020-06,Visakhapatnam,82.2
2020-07,Ahmedabad,119.0
2020-07,Aizawl,20.0
2020-07,Amaravati,54.0
2020-07,Amritsar,78.0
2020-07,Bengaluru,43.0
2020-07,Bhopal,69.0
2020-07,Brajrajnagar,76.0
2020-07,Chandigarh,66.0
2020-07,Chennai,92.0
2020-07,Coimbatore,33.0
2020-07,Delhi,101.0
2020-07,Ernakulam,111.0
2020-07,Gurugram,157.0
2020-07,Guwahati,36.0
2020-07,Hyderabad,48.0
2020-07,Jaipur,70.0
2020-07,Jorapokhar,86.0
2020-07,Kochi,102.0
2020-07,Kolkata,45.0
2020-07,Lucknow,76.0
2020-07,Mumbai,53.0
2020-07,Patna,98.0
2020-07,Shillong,24.0
2020-07,Talcher,101.0
2020-07,Thiruvananthapuram,41.0
2020-07,Visakhapatnam,50.0
