City,YearMonth,PM10,PM2.5,AQI
Ahmedabad,2015-01,0.0,0.0,0.0
Aizawl,2015-01,0.0,0.0,0.0
Amaravati,2015-01,0.0,0.0,0.0
Amritsar,2015-01,0.0,0.0,0.0
Bengaluru,2015-01,0.0,0.0,0.0
Bhopal,2015-01,0.0,0.0,0.0
Brajrajnagar,2015-01,0.0,0.0,0.0
Chandigarh,2015-01,0.0,0.0,0.0
Chennai,2015-01,0.0,0.0,0.0
Coimbatore,2015-01,0.0,0.0,0.0
Delhi,2015-01,276.97129032258067,175.69064516129032,342.2903225806452
Ernakulam,2015-01,0.0,0.0,0.0
Gurugram,2015-01,0.0,0.0,0.0
Guwahati,2015-01,0.0,0.0,0.0
Hyderabad,2015-01,0.0,0.0,0.0
Jaipur,2015-01,0.0,0.0,0.0
Jorapokhar,2015-01,0.0,0.0,0.0
Kochi,2015-01,0.0,0.0,0.0
Kolkata,2015-01,0.0,0.0,0.0
Mumbai,2015-01,0.0,0.0,0.0
Patna,2015-01,0.0,0.0,0.0
Shillong,2015-01,0.0,0.0,0.0
Talcher,2015-01,0.0,0.0,0.0
Thiruvananthapuram,2015-01,0.0,0.0,0.0
Visakhapatnam,2015-01,0.0,0.0,0.0
Ahmedabad,2015-02,0.0,0.0,0.0
Aizawl,2015-02,0.0,0.0,0.0
Amaravati,2015-02,0.0,0.0,0.0
Amritsar,2015-02,0.0,0.0,0.0
Bengaluru,2015-02,0.0,0.0,0.0
Bhopal,2015-02,0.0,0.0,0.0
Brajrajnagar,2015-02,0.0,0.0,0.0
Chandigarh,2015-02,0.0,0.0,0.0
Chennai,2015-02,0.0,0.0,0.0
Coimbatore,2015-02,0.0,0.0,0.0
Delhi,2015-02,234.93964285714287,153.9203571428571,327.92857142857144
Ernakulam,2015-02,0.0,0.0,0.0
Gurugram,2015-02,0.0,0.0,0.0
Guwahati,2015-02,0.0,0.0,0.0
Hyderabad,2015-02,0.0,0.0,0.0
Jaipur,2015-02,0.0,0.0,0.0
Jorapokhar,2015-02,0.0,0.0,0.0
Kochi,2015-02,0.0,0.0,0.0
Kolkata,2015-02,0.0,0.0,0.0
Mumbai,2015-02,0.0,0.0,0.0
Patna,2015-02,0.0,0.0,0.0
Shillong,2015-02,0.0,0.0,0.0
Talcher,2015-02,0.0,0.0,0.0
Thiruvananthapuram,2015-02,0.0,0.0,0.0
Visakhapatnam,2015-02,0.0,0.0,0.0
Ahmedabad,2015-03,0.0,0.0,0.0
Aizawl,2015-03,0.0,0.0,0.0
Amaravati,2015-03,0.0,0.0,0.0
Amritsar,2015-03,0.0,0.0,0.0
Bengaluru,2015-03,0.0,0.0,0.0
Bhopal,2015-03,0.0,0.0,0.0
Brajrajnagar,2015-03,0.0,0.0,0.0
Chandigarh,2015-03,0.0,0.0,0.0
Chennai,2015-03,0.0,0.0,0.0
Coimbatore,2015-03,0.0,0.0,0.0
Delhi,2015-03,135.04451612903227,80.33806451612904,256.06451612903226
Ernakulam,2015-03,0.0,0.0,0.0
Gurugram,2015-03,0.0,0.0,0.0
Guwahati,2015-03,0.0,0.0,0.0
Hyderabad,2015-03,0.0,0.0,0.0
Jaipur,2015-03,0.0,0.0,0.0
Jorapokhar,2015-03,0.0,0.0,0.0
Kochi,2015-03,0.0,0.0,0.0
Kolkata,2015-03,0.0,0.0,0.0
Mumbai,2015-03,0.0,0.0,0.0
Patna,2015-03,0.0,0.0,0.0
Shillong,2015-03,0.0,0.0,0.0
Talcher,2015-03,0.0,0.0,0.0
Thiruvananthapuram,2015-03,0.0,0.0,0.0
Visakhapatnam,2015-03,0.0,0.0,0.0
Ahmedabad,2015-04,0.0,0.0,0.0
Aizawl,2015-04,0.0,0.0,0.0
Amaravati,2015-04,0.0,0.0,0.0
Amritsar,2015-04,0.0,0.0,0.0
Bengaluru,2015-04,0.0,0.0,0.0
Bhopal,2015-04,0.0,0.0,0.0
Brajrajnagar,2015-04,0.0,0.0,0.0
Chandigarh,2015-04,0.0,0.0,0.0
Chennai,2015-04,0.0,0.0,0.0
Coimbatore,2015-04,0.0,0.0,0.0
Delhi,2015-04,187.99133333333333,91.56233333333333,305.26666666666665
Ernakulam,2015-04,0.0,0.0,0.0
Gurugram,2015-04,0.0,0.0,0.0
Guwahati,2015-04,0.0,0.0,0.0
Hyderabad,2015-04,0.0,0.0,0.0
Jaipur,2015-04,0.0,0.0,0.0
Jorapokhar,2015-04,0.0,0.0,0.0
Kochi,2015-04,0.0,0.0,0.0
Kolkata,2015-04,0.0,0.0,0.0
Mumbai,2015-04,0.0,0.0,0.0
Patna,2015-04,0.0,0.0,0.0
Shillong,2015-04,0.0,0.0,0.0
Talcher,2015-04,0.0,0.0,0.0
Thiruvananthapuram,2015-04,0.0,0.0,0.0
Visakhapatnam,2015-04,0.0,0.0,0.0
Ahmedabad,2015-05,0.0,0.0,0.0
Aizawl,2015-05,0.0,0.0,0.0
Amaravati,2015-05,0.0,0.0,0.0
Amritsar,2015-05,0.0,0.0,0.0
Bengaluru,2015-05,0.0,0.0,0.0
Bhopal,2015-05,0.0,0.0,0.0
Brajrajnagar,2015-05,0.0,0.0,0.0
Chandigarh,2015-05,0.0,0.0,0.0
Chennai,2015-05,0.0,0.0,0.0
Coimbatore,2015-05,0.0,0.0,0.0
Delhi,2015-05,271.05064516129033,97.10935483870968,348.5806451612903
Ernakulam,2015-05,0.0,0.0,0.0
Gurugram,2015-05,0.0,0.0,0.0
Guwahati,2015-05,0.0,0.0,0.0
Hyderabad,2015-05,0.0,0.0,0.0
Jaipur,2015-05,0.0,0.0,0.0
Jorapokhar,2015-05,0.0,0.0,0.0
Kochi,2015-05,0.0,0.0,0.0
Kolkata,2015-05,0.0,0.0,0.0
Mumbai,2015-05,0.0,0.0,0.0
Patna,2015-05,0.0,0.0,0.0
Shillong,2015-05,0.0,0.0,0.0
Talcher,2015-05,0.0,0.0,0.0
Thiruvananthapuram,2015-05,0.0,0.0,0.0
Visakhapatnam,2015-05,0.0,0.0,0.0
Ahmedabad,2015-06,0.0,0.0,0.0
Aizawl,2015-06,0.0,0.0,0.0
Amaravati,2015-06,0.0,0.0,0.0
Amritsar,2015-06,0.0,0.0,0.0
Bengaluru,2015-06,0.0,0.0,0.0
Bhopal,2015-06,0.0,0.0,0.0
Brajrajnagar,2015-06,0.0,0.0,0.0
Chandigarh,2015-06,0.0,0.0,0.0
Chennai,2015-06,0.0,0.0,0.0
Coimbatore,2015-06,0.0,0.0,0.0
Delhi,2015-06,185.10966666666667,85.777,258.3333333333333
Ernakulam,2015-06,0.0,0.0,0.0
Gurugram,2015-06,0.0,0.0,0.0
Guwahati,2015-06,0.0,0.0,0.0
Hyderabad,2015-06,0.0,0.0,0.0
Jaipur,2015-06,0.0,0.0,0.0
Jorapokhar,2015-06,0.0,0.0,0.0
Kochi,2015-06,0.0,0.0,0.0
Kolkata,2015-06,0.0,0.0,0.0
Mumbai,2015-06,0.0,0.0,0.0
Patna,2015-06,0.0,0.0,0.0
Shillong,2015-06,0.0,0.0,0.0
Talcher,2015-06,0.0,0.0,0.0
Thiruvananthapuram,2015-06,0.0,0.0,0.0
Visakhapatnam,2015-06,0.0,0.0,0.0
Ahmedabad,2015-07,0.0,0.0,0.0
Aizawl,2015-07,0.0,0.0,0.0
Amaravati,2015-07,0.0,0.0,0.0
Amritsar,2015-07,0.0,0.0,0.0
Bengaluru,2015-07,0.0,0.0,0.0
Bhopal,2015-07,0.0,0.0,0.0
Brajrajnagar,2015-07,0.0,0.0,0.0
Chandigarh,2015-07,0.0,0.0,0.0
Chennai,2015-07,0.0,0.0,0.0
Coimbatore,2015-07,0.0,0.0,0.0
Delhi,2015-07,124.63967741935484,52.73258064516129,200.29032258064515
Ernakulam,2015-07,0.0,0.0,0.0
Gurugram,2015-07,0.0,0.0,0.0
Guwahati,2015-07,0.0,0.0,0.0
Hyderabad,2015-07,0.0,0.0,0.0
Jaipur,2015-07,0.0,0.0,0.0
Jorapokhar,2015-07,0.0,0.0,0.0
Kochi,2015-07,0.0,0.0,0.0
Kolkata,2015-07,0.0,0.0,0.0
Mumbai,2015-07,0.0,0.0,0.0
Patna,2015-07,0.0,0.0,0.0
Shillong,2015-07,0.0,0.0,0.0
Talcher,2015-07,0.0,0.0,0.0
Thiruvananthapuram,2015-07,0.0,0.0,0.0
Visakhapatnam,2015-07,0.0,0.0,0.0
Ahmedabad,2015-08,0.0,0.0,0.0
Aizawl,2015-08,0.0,0.0,0.0
Amaravati,2015-08,0.0,0.0,0.0
Amritsar,2015-08,0.0,0.0,0.0
Bengaluru,2015-08,0.0,0.0,0.0
Bhopal,2015-08,0.0,0.0,0.0
Brajrajnagar,2015-08,0.0,0.0,0.0
Chandigarh,2015-08,0.0,0.0,0.0
Chennai,2015-08,0.0,0.0,0.0
Coimbatore,2015-08,0.0,0.0,0.0
Delhi,2015-08,156.1751612903226,56.932903225806456,218.06451612903226
Ernakulam,2015-08,0.0,0.0,0.0
Gurugram,2015-08,0.0,0.0,0.0
Guwahati,2015-08,0.0,0.0,0.0
Hyderabad,2015-08,0.0,0.0,0.0
Jaipur,2015-08,0.0,0.0,0.0
Jorapokhar,2015-08,0.0,0.0,0.0
Kochi,2015-08,0.0,0.0,0.0
Kolkata,2015-08,0.0,0.0,0.0
Mumbai,2015-08,0.0,0.0,0.0
Patna,2015-08,0.0,0.0,0.0
Shillong,2015-08,0.0,0.0,0.0
Talcher,2015-08,0.0,0.0,0.0
Thiruvananthapuram,2015-08,0.0,0.0,0.0
Visakhapatnam,2015-08,0.0,0.0,0.0
Ahmedabad,2015-09,0.0,0.0,0.0
Aizawl,2015-09,0.0,0.0,0.0
Amaravati,2015-09,0.0,0.0,0.0
Amritsar,2015-09,0.0,0.0,0.0
Bengaluru,2015-09,0.0,0.0,0.0
Bhopal,2015-09,0.0,0.0,0.0
Brajrajnagar,2015-09,0.0,0.0,0.0
Chandigarh,2015-09,0.0,0.0,0.0
Chennai,2015-09,0.0,0.0,0.0
Coimbatore,2015-09,0.0,0.0,0.0
Delhi,2015-09,193.35933333333332,74.22333333333333,225.3
Ernakulam,2015-09,0.0,0.0,0.0
Gurugram,2015-09,0.0,0.0,0.0
Guwahati,2015-09,0.0,0.0,0.0
Hyderabad,2015-09,43.74538461538462,61.900769230769235,149.84615384615384
Jaipur,2015-09,0.0,0.0,0.0
Jorapokhar,2015-09,0.0,0.0,0.0
Kochi,2015-09,0.0,0.0,0.0
Kolkata,2015-09,0.0,0.0,0.0
Mumbai,2015-09,0.0,0.0,0.0
Patna,2015-09,0.0,0.0,0.0
Shillong,2015-09,0.0,0.0,0.0
Talcher,2015-09,0.0,0.0,0.0
Thiruvananthapuram,2015-09,0.0,0.0,0.0
Visakhapatnam,2015-09,0.0,0.0,0.0
Ahmedabad,2015-10,0.0,0.0,0.0
Aizawl,2015-10,0.0,0.0,0.0
Amaravati,2015-10,0.0,0.0,0.0
Amritsar,2015-10,0.0,0.0,0.0
Bengaluru,2015-10,0.0,0.0,0.0
Bhopal,2015-10,0.0,0.0,0.0
Brajrajnagar,2015-10,0.0,0.0,0.0
Chandigarh,2015-10,0.0,0.0,0.0
Chennai,2015-10,0.0,0.0,0.0
Coimbatore,2015-10,0.0,0.0,0.0
Delhi,2015-10,259.2548387096774,132.0509677419355,325.0
Ernakulam,2015-10,0.0,0.0,0.0
Gurugram,2015-10,0.0,0.0,0.0
Guwahati,2015-10,0.0,0.0,0.0
Hyderabad,2015-10,97.34483870967742,121.81967741935483,217.06451612903226
Jaipur,2015-10,0.0,0.0,0.0
Jorapokhar,2015-10,0.0,0.0,0.0
Kochi,2015-10,0.0,0.0,0.0
Kolkata,2015-10,0.0,0.0,0.0
Mumbai,2015-10,0.0,0.0,0.0
Patna,2015-10,0.0,0.0,0.0
Shillong,2015-10,0.0,0.0,0.0
Talcher,2015-10,0.0,0.0,0.0
Thiruvananthapuram,2015-10,0.0,0.0,0.0
Visakhapatnam,2015-10,0.0,0.0,0.0
Ahmedabad,2015-11,0.0,0.0,0.0
Aizawl,2015-11,0.0,0.0,0.0
Amaravati,2015-11,0.0,0.0,0.0
Amritsar,2015-11,0.0,0.0,0.0
Bengaluru,2015-11,59.79315789473684,27.01473684210526,91.0
Bhopal,2015-11,0.0,0.0,0.0
Brajrajnagar,2015-11,0.0,0.0,0.0
Chandigarh,2015-11,0.0,0.0,0.0
Chennai,2015-11,0.0,0.0,0.0
Coimbatore,2015-11,0.0,0.0,0.0
Delhi,2015-11,377.32166666666666,227.70600000000002,405.03333333333336
Ernakulam,2015-11,0.0,0.0,0.0
Gurugram,2015-11,0.0,0.0,0.0
Guwahati,2015-11,0.0,0.0,0.0
Hyderabad,2015-11,103.04566666666666,60.782333333333334,139.16666666666666
Jaipur,2015-11,0.0,0.0,0.0
Jorapokhar,2015-11,0.0,0.0,0.0
Kochi,2015-11,0.0,0.0,0.0
Kolkata,2015-11,0.0,0.0,0.0
Mumbai,2015-11,0.0,0.0,0.0
Patna,2015-11,0.0,0.0,0.0
Shillong,2015-11,0.0,0.0,0.0
Talcher,2015-11,0.0,0.0,0.0
Thiruvananthapuram,2015-11,0.0,0.0,0.0
Visakhapatnam,2015-11,0.0,0.0,0.0
Ahmedabad,2015-12,0.0,0.0,0.0
Aizawl,2015-12,0.0,0.0,0.0
Amaravati,2015-12,0.0,0.0,0.0
Amritsar,2015-12,0.0,0.0,0.0
Bengaluru,2015-12,74.08866666666667,46.57366666666667,98.9
Bhopal,2015-12,0.0,0.0,0.0
Brajrajnagar,2015-12,0.0,0.0,0.0
Chandigarh,2015-12,0.0,0.0,0.0
Chennai,2015-12,0.0,0.0,0.0
Coimbatore,2015-12,0.0,0.0,0.0
Delhi,2015-12,396.98875,199.18916666666667,377.75
Ernakulam,2015-12,0.0,0.0,0.0
Gurugram,2015-12,0.0,0.0,0.0
Guwahati,2015-12,0.0,0.0,0.0
Hyderabad,2015-12,95.32933333333334,56.181333333333335,124.46666666666667
Jaipur,2015-12,0.0,0.0,0.0
Jorapokhar,2015-12,0.0,0.0,0.0
Kochi,2015-12,0.0,0.0,0.0
Kolkata,2015-12,0.0,0.0,0.0
Mumbai,2015-12,0.0,0.0,0.0
Patna,2015-12,0.0,0.0,0.0
Shillong,2015-12,0.0,0.0,0.0
Talcher,2015-12,0.0,0.0,0.0
Thiruvananthapuram,2015-12,0.0,0.0,0.0
Visakhapatnam,2015-12,0.0,0.0,0.0
Ahmedabad,2016-01,0.0,0.0,0.0
Aizawl,2016-01,0.0,0.0,0.0
Amaravati,2016-01,0.0,0.0,0.0
Amritsar,2016-01,0.0,0.0,0.0
Bengaluru,2016-01,113.07566666666666,67.70766666666667,134.73333333333332
Bhopal,2016-01,0.0,0.0,0.0
Brajrajnagar,2016-01,0.0,0.0,0.0
Chandigarh,2016-01,0.0,0.0,0.0
Chennai,2016-01,0.0,0.0,0.0
Coimbatore,2016-01,0.0,0.0,0.0
Delhi,2016-01,419.12967741935483,258.5425806451613,441.9032258064516
Ernakulam,2016-01,0.0,0.0,0.0
Gurugram,2016-01,0.0,0.0,0.0
Guwahati,2016-01,0.0,0.0,0.0
Hyderabad,2016-01,101.907,78.38266666666667,172.23333333333332
Jaipur,2016-01,0.0,0.0,0.0
Jorapokhar,2016-01,0.0,0.0,0.0
Kochi,2016-01,0.0,0.0,0.0
Kolkata,2016-01,0.0,0.0,0.0
Mumbai,2016-01,0.0,0.0,0.0
Patna,2016-01,0.0,0.0,0.0
Shillong,2016-01,0.0,0.0,0.0
Talcher,2016-01,0.0,0.0,0.0
Thiruvananthapuram,2016-01,0.0,0.0,0.0
Visakhapatnam,2016-01,0.0,0.0,0.0
Ahmedabad,2016-02,0.0,0.0,0.0
Aizawl,2016-02,0.0,0.0,0.0
Amaravati,2016-02,0.0,0.0,0.0
Amritsar,2016-02,0.0,0.0,0.0
Bengaluru,2016-02,149.98758620689657,69.80413793103448,143.89655172413794
Bhopal,2016-02,0.0,0.0,0.0
Brajrajnagar,2016-02,0.0,0.0,0.0
Chandigarh,2016-02,0.0,0.0,0.0
Chennai,2016-02,0.0,0.0,0.0
Coimbatore,2016-02,0.0,0.0,0.0
Delhi,2016-02,246.83896551724138,144.99620689655174,312.44827586206895
Ernakulam,2016-02,0.0,0.0,0.0
Gurugram,2016-02,0.0,0.0,0.0
Guwahati,2016-02,0.0,0.0,0.0
Hyderabad,2016-02,99.75931034482758,87.32310344827586,148.44827586206895
Jaipur,2016-02,0.0,0.0,0.0
Jorapokhar,2016-02,0.0,0.0,0.0
Kochi,2016-02,0.0,0.0,0.0
Kolkata,2016-02,0.0,0.0,0.0
Mumbai,2016-02,0.0,0.0,0.0
Patna,2016-02,0.0,0.0,0.0
Shillong,2016-02,0.0,0.0,0.0
Talcher,2016-02,0.0,0.0,0.0
Thiruvananthapuram,2016-02,0.0,0.0,0.0
Visakhapatnam,2016-02,0.0,0.0,0.0
Ahmedabad,2016-03,0.0,0.0,0.0
Aizawl,2016-03,0.0,0.0,0.0
Amaravati,2016-03,0.0,0.0,0.0
Amritsar,2016-03,0.0,0.0,0.0
Bengaluru,2016-03,158.30645161290323,63.097096774193545,145.58064516129033
Bhopal,2016-03,0.0,0.0,0.0
Brajrajnagar,2016-03,0.0,0.0,0.0
Chandigarh,2016-03,0.0,0.0,0.0
Chennai,2016-03,0.0,0.0,0.0
Coimbatore,2016-03,0.0,0.0,0.0
Delhi,2016-03,166.51586206896553,97.35965517241378,237.72413793103448
Ernakulam,2016-03,0.0,0.0,0.0
Gurugram,2016-03,0.0,0.0,0.0
Guwahati,2016-03,0.0,0.0,0.0
Hyderabad,2016-03,96.53774193548388,56.6683870967742,118.3225806451613
Jaipur,2016-03,0.0,0.0,0.0
Jorapokhar,2016-03,0.0,0.0,0.0
Kochi,2016-03,0.0,0.0,0.0
Kolkata,2016-03,0.0,0.0,0.0
Mumbai,2016-03,0.0,0.0,0.0
Patna,2016-03,0.0,0.0,0.0
Shillong,2016-03,0.0,0.0,0.0
Talcher,2016-03,0.0,0.0,0.0
Thiruvananthapuram,2016-03,0.0,0.0,0.0
Visakhapatnam,2016-03,0.0,0.0,0.0
Ahmedabad,2016-04,0.0,0.0,0.0
Aizawl,2016-04,0.0,0.0,0.0
Amaravati,2016-04,0.0,0.0,0.0
Amritsar,2016-04,0.0,0.0,0.0
Bengaluru,2016-04,150.4743333333333,40.667,122.0
Bhopal,2016-04,0.0,0.0,0.0
Brajrajnagar,2016-04,0.0,0.0,0.0
Chandigarh,2016-04,0.0,0.0,0.0
Chennai,2016-04,0.0,0.0,0.0
Coimbatore,2016-04,0.0,0.0,0.0
Delhi,2016-04,258.5696153846154,117.51461538461538,287.38461538461536
Ernakulam,2016-04,0.0,0.0,0.0
Gurugram,2016-04,0.0,0.0,0.0
Guwahati,2016-04,0.0,0.0,0.0
Hyderabad,2016-04,95.96035714285713,48.64928571428572,111.07142857142857
Jaipur,2016-04,0.0,0.0,0.0
Jorapokhar,2016-04,0.0,0.0,0.0
Kochi,2016-04,0.0,0.0,0.0
Kolkata,2016-04,0.0,0.0,0.0
Mumbai,2016-04,0.0,0.0,0.0
Patna,2016-04,0.0,0.0,0.0
Shillong,2016-04,0.0,0.0,0.0
Talcher,2016-04,0.0,0.0,0.0
Thiruvananthapuram,2016-04,0.0,0.0,0.0
Visakhapatnam,2016-04,0.0,0.0,0.0
Ahmedabad,2016-05,0.0,0.0,0.0
Aizawl,2016-05,0.0,0.0,0.0
Amaravati,2016-05,0.0,0.0,0.0
Amritsar,2016-05,0.0,0.0,0.0
Bengaluru,2016-05,52.642307692307696,38.113076923076925,74.26923076923077
Bhopal,2016-05,0.0,0.0,0.0
Brajrajnagar,2016-05,0.0,0.0,0.0
Chandigarh,2016-05,0.0,0.0,0.0
Chennai,2016-05,0.0,0.0,0.0
Coimbatore,2016-05,0.0,0.0,0.0
Delhi,2016-05,221.19586206896554,90.86137931034483,267.13793103448273
Ernakulam,2016-05,0.0,0.0,0.0
Gurugram,2016-05,0.0,0.0,0.0
Guwahati,2016-05,0.0,0.0,0.0
Hyderabad,2016-05,72.57310344827586,39.08172413793103,101.72413793103448
Jaipur,2016-05,0.0,0.0,0.0
Jorapokhar,2016-05,0.0,0.0,0.0
Kochi,2016-05,0.0,0.0,0.0
Kolkata,2016-05,0.0,0.0,0.0
Mumbai,2016-05,0.0,0.0,0.0
Patna,2016-05,0.0,0.0,0.0
Shillong,2016-05,0.0,0.0,0.0
Talcher,2016-05,0.0,0.0,0.0
Thiruvananthapuram,2016-05,0.0,0.0,0.0
Visakhapatnam,2016-05,0.0,0.0,0.0
Ahmedabad,2016-06,0.0,0.0,0.0
Aizawl,2016-06,0.0,0.0,0.0
Amaravati,2016-06,0.0,0.0,0.0
Amritsar,2016-06,0.0,0.0,0.0
Bengaluru,2016-06,54.38857142857143,30.06642857142857,113.71428571428571
Bhopal,2016-06,0.0,0.0,0.0
Brajrajnagar,2016-06,0.0,0.0,0.0
Chandigarh,2016-06,0.0,0.0,0.0
Chennai,2016-06,0.0,0.0,0.0
Coimbatore,2016-06,0.0,0.0,0.0
Delhi,2016-06,178.75966666666667,80.087,243.73333333333332
Ernakulam,2016-06,0.0,0.0,0.0
Gurugram,2016-06,0.0,0.0,0.0
Guwahati,2016-06,0.0,0.0,0.0
Hyderabad,2016-06,0.0,0.0,0.0
Jaipur,2016-06,0.0,0.0,0.0
Jorapokhar,2016-06,0.0,0.0,0.0
Kochi,2016-06,0.0,0.0,0.0
Kolkata,2016-06,0.0,0.0,0.0
Mumbai,2016-06,0.0,0.0,0.0
Patna,2016-06,0.0,0.0,0.0
Shillong,2016-06,0.0,0.0,0.0
Talcher,2016-06,0.0,0.0,0.0
Thiruvananthapuram,2016-06,0.0,0.0,0.0
Visakhapatnam,2016-06,0.0,0.0,0.0
Ahmedabad,2016-07,0.0,0.0,0.0
Aizawl,2016-07,0.0,0.0,0.0
Amaravati,2016-07,0.0,0.0,0.0
Amritsar,2016-07,0.0,0.0,0.0
Bengaluru,2016-07,53.66571428571428,35.26357142857143,118.85714285714286
Bhopal,2016-07,0.0,0.0,0.0
Brajrajnagar,2016-07,0.0,0.0,0.0
Chandigarh,2016-07,0.0,0.0,0.0
Chennai,2016-07,0.0,0.0,0.0
Coimbatore,2016-07,0.0,0.0,0.0
Delhi,2016-07,99.537,55.900999999999996,164.96666666666667
Ernakulam,2016-07,0.0,0.0,0.0
Gurugram,2016-07,0.0,0.0,0.0
Guwahati,2016-07,0.0,0.0,0.0
Hyderabad,2016-07,0.0,0.0,0.0
Jaipur,2016-07,0.0,0.0,0.0
Jorapokhar,2016-07,0.0,0.0,0.0
Kochi,2016-07,0.0,0.0,0.0
Kolkata,2016-07,0.0,0.0,0.0
Mumbai,2016-07,0.0,0.0,0.0
Patna,2016-07,0.0,0.0,0.0
Shillong,2016-07,0.0,0.0,0.0
Talcher,2016-07,0.0,0.0,0.0
Thiruvananthapuram,2016-07,0.0,0.0,0.0
Visakhapatnam,2016-07,83.02454545454545,30.785,99.77272727272727
Ahmedabad,2016-08,0.0,0.0,0.0
Aizawl,2016-08,0.0,0.0,0.0
Amaravati,2016-08,0.0,0.0,0.0
Amritsar,2016-08,0.0,0.0,0.0
Bengaluru,2016-08,57.37318181818182,34.29636363636364,66.63636363636364
Bhopal,2016-08,0.0,0.0,0.0
Brajrajnagar,2016-08,0.0,0.0,0.0
Chandigarh,2016-08,0.0,0.0,0.0
Chennai,2016-08,0.0,0.0,0.0
Coimbatore,2016-08,0.0,0.0,0.0
Delhi,2016-08,103.305,45.276666666666664,149.23333333333332
Ernakulam,2016-08,0.0,0.0,0.0
Gurugram,2016-08,0.0,0.0,0.0
Guwahati,2016-08,0.0,0.0,0.0
Hyderabad,2016-08,35.67666666666667,8.693333333333333,77.66666666666667
Jaipur,2016-08,0.0,0.0,0.0
Jorapokhar,2016-08,0.0,0.0,0.0
Kochi,2016-08,0.0,0.0,0.0
Kolkata,2016-08,0.0,0.0,0.0
Mumbai,2016-08,0.0,0.0,0.0
Patna,2016-08,0.0,0.0,0.0
Shillong,2016-08,0.0,0.0,0.0
Talcher,2016-08,0.0,0.0,0.0
Thiruvananthapuram,2016-08,0.0,0.0,0.0
Visakhapatnam,2016-08,80.37870967741935,26.998387096774195,88.87096774193549
Ahmedabad,2016-09,0.0,0.0,0.0
Aizawl,2016-09,0.0,0.0,0.0
Amaravati,2016-09,0.0,0.0,0.0
Amritsar,2016-09,0.0,0.0,0.0
Bengaluru,2016-09,71.22892857142857,31.740000000000002,72.92857142857143
Bhopal,2016-09,0.0,0.0,0.0
Brajrajnagar,2016-09,0.0,0.0,0.0
Chandigarh,2016-09,0.0,0.0,0.0
Chennai,2016-09,0.0,0.0,0.0
Coimbatore,2016-09,0.0,0.0,0.0
Delhi,2016-09,177.81333333333333,64.58066666666667,218.7
Ernakulam,2016-09,0.0,0.0,0.0
Gurugram,2016-09,0.0,0.0,0.0
Guwahati,2016-09,0.0,0.0,0.0
Hyderabad,2016-09,57.90869565217392,23.88782608695652,72.91304347826087
Jaipur,2016-09,0.0,0.0,0.0
Jorapokhar,2016-09,0.0,0.0,0.0
Kochi,2016-09,0.0,0.0,0.0
Kolkata,2016-09,0.0,0.0,0.0
Mumbai,2016-09,0.0,0.0,0.0
Patna,2016-09,0.0,0.0,0.0
Shillong,2016-09,0.0,0.0,0.0
Talcher,2016-09,0.0,0.0,0.0
Thiruvananthapuram,2016-09,0.0,0.0,0.0
Visakhapatnam,2016-09,71.56,36.967499999999994,92.92857142857143
Ahmedabad,2016-10,0.0,0.0,0.0
Aizawl,2016-10,0.0,0.0,0.0
Amaravati,2016-10,0.0,0.0,0.0
Amritsar,2016-10,0.0,0.0,0.0
Bengaluru,2016-10,133.8,51.43178571428571,118.85714285714286
Bhopal,2016-10,0.0,0.0,0.0
Brajrajnagar,2016-10,0.0,0.0,0.0
Chandigarh,2016-10,0.0,0.0,0.0
Chennai,2016-10,0.0,0.0,0.0
Coimbatore,2016-10,0.0,0.0,0.0
Delhi,2016-10,347.8583870967742,167.8358064516129,411.06451612903226
Ernakulam,2016-10,0.0,0.0,0.0
Gurugram,2016-10,0.0,0.0,0.0
Guwahati,2016-10,0.0,0.0,0.0
Hyderabad,2016-10,80.96678571428572,43.71892857142858,93.0
Jaipur,2016-10,0.0,0.0,0.0
Jorapokhar,2016-10,0.0,0.0,0.0
Kochi,2016-10,0.0,0.0,0.0
Kolkata,2016-10,0.0,0.0,0.0
Mumbai,2016-10,0.0,0.0,0.0
Patna,2016-10,0.0,0.0,0.0
Shillong,2016-10,0.0,0.0,0.0
Talcher,2016-10,0.0,0.0,0.0
Thiruvananthapuram,2016-10,0.0,0.0,0.0
Visakhapatnam,2016-10,95.76346153846154,55.08346153846154,109.5
Ahmedabad,2016-11,0.0,0.0,0.0
Aizawl,2016-11,0.0,0.0,0.0
Amaravati,2016-11,0.0,0.0,0.0
Amritsar,2016-11,0.0,0.0,0.0
Bengaluru,2016-11,134.92037037037036,50.73407407407407,114.4074074074074
Bhopal,2016-11,0.0,0.0,0.0
Brajrajnagar,2016-11,0.0,0.0,0.0
Chandigarh,2016-11,0.0,0.0,0.0
Chennai,2016-11,0.0,0.0,0.0
Coimbatore,2016-11,0.0,0.0,0.0
Delhi,2016-11,452.15066666666667,306.019,474.8333333333333
Ernakulam,2016-11,0.0,0.0,0.0
Gurugram,2016-11,0.0,0.0,0.0
Guwahati,2016-11,0.0,0.0,0.0
Hyderabad,2016-11,99.57533333333332,62.721,125.16666666666667
Jaipur,2016-11,0.0,0.0,0.0
Jorapokhar,2016-11,0.0,0.0,0.0
Kochi,2016-11,0.0,0.0,0.0
Kolkata,2016-11,0.0,0.0,0.0
Mumbai,2016-11,0.0,0.0,0.0
Patna,2016-11,0.0,0.0,0.0
Shillong,2016-11,0.0,0.0,0.0
Talcher,2016-11,0.0,0.0,0.0
Thiruvananthapuram,2016-11,0.0,0.0,0.0
Visakhapatnam,2016-11,97.792,60.434,115.1
Ahmedabad,2016-12,0.0,0.0,0.0
Aizawl,2016-12,0.0,0.0,0.0
Amaravati,2016-12,0.0,0.0,0.0
Amritsar,2016-12,0.0,0.0,0.0
Bengaluru,2016-12,131.05733333333333,35.88033333333333,107.83333333333333
Bhopal,2016-12,0.0,0.0,0.0
Brajrajnagar,2016-12,0.0,0.0,0.0
Chandigarh,2016-12,0.0,0.0,0.0
Chennai,2016-12,0.0,0.0,0.0
Coimbatore,2016-12,0.0,0.0,0.0
Delhi,2016-12,413.74967741935484,232.42032258064515,409.2903225806452
Ernakulam,2016-12,0.0,0.0,0.0
Gurugram,2016-12,0.0,0.0,0.0
Guwahati,2016-12,0.0,0.0,0.0
Hyderabad,2016-12,97.8583870967742,59.08709677419355,112.45161290322581
Jaipur,2016-12,0.0,0.0,0.0
Jorapokhar,2016-12,0.0,0.0,0.0
Kochi,2016-12,0.0,0.0,0.0
Kolkata,2016-12,0.0,0.0,0.0
Mumbai,2016-12,0.0,0.0,0.0
Patna,2016-12,0.0,0.0,0.0
Shillong,2016-12,0.0,0.0,0.0
Talcher,2016-12,0.0,0.0,0.0
Thiruvananthapuram,2016-12,0.0,0.0,0.0
Visakhapatnam,2016-12,97.75966666666666,59.04833333333333,117.06666666666666
Ahmedabad,2017-01,0.0,0.0,0.0
Aizawl,2017-01,0.0,0.0,0.0
Amaravati,2017-01,0.0,0.0,0.0
Amritsar,2017-01,0.0,0.0,0.0
Bengaluru,2017-01,112.30785714285715,34.441785714285714,118.07142857142857
Bhopal,2017-01,0.0,0.0,0.0
Brajrajnagar,2017-01,0.0,0.0,0.0
Chandigarh,2017-01,0.0,0.0,0.0
Chennai,2017-01,0.0,0.0,0.0
Coimbatore,2017-01,0.0,0.0,0.0
Delhi,2017-01,284.9664516129032,199.4341935483871,354.19354838709677
Ernakulam,2017-01,0.0,0.0,0.0
Gurugram,2017-01,0.0,0.0,0.0
Guwahati,2017-01,0.0,0.0,0.0
Hyderabad,2017-01,129.51225806451615,73.02677419354839,149.41935483870967
Jaipur,2017-01,0.0,0.0,0.0
Jorapokhar,2017-01,0.0,0.0,0.0
Kochi,2017-01,0.0,0.0,0.0
Kolkata,2017-01,0.0,0.0,0.0
Mumbai,2017-01,0.0,0.0,0.0
Patna,2017-01,0.0,0.0,0.0
Shillong,2017-01,0.0,0.0,0.0
Talcher,2017-01,0.0,0.0,0.0
Thiruvananthapuram,2017-01,0.0,0.0,0.0
Visakhapatnam,2017-01,112.01483870967742,68.47225806451613,139.5483870967742
Ahmedabad,2017-02,0.0,0.0,0.0
Aizawl,2017-02,0.0,0.0,0.0
Amaravati,2017-02,0.0,0.0,0.0
Amritsar,2017-02,13.8,12.45,52.0
Bengaluru,2017-02,95.67576923076923,39.12230769230769,107.61538461538461
Bhopal,2017-02,0.0,0.0,0.0
Brajrajnagar,2017-02,0.0,0.0,0.0
Chandigarh,2017-02,0.0,0.0,0.0
Chennai,2017-02,0.0,0.0,0.0
Coimbatore,2017-02,0.0,0.0,0.0
Delhi,2017-02,297.86321428571426,171.8725,343.92857142857144
Ernakulam,2017-02,0.0,0.0,0.0
Gurugram,2017-02,0.0,0.0,0.0
Guwahati,2017-02,0.0,0.0,0.0
Hyderabad,2017-02,151.4736,67.1332,155.08
Jaipur,2017-02,0.0,0.0,0.0
Jorapokhar,2017-02,0.0,0.0,0.0
Kochi,2017-02,0.0,0.0,0.0
Kolkata,2017-02,0.0,0.0,0.0
Mumbai,2017-02,0.0,0.0,0.0
Patna,2017-02,0.0,0.0,0.0
Shillong,2017-02,0.0,0.0,0.0
Talcher,2017-02,0.0,0.0,0.0
Thiruvananthapuram,2017-02,0.0,0.0,0.0
Visakhapatnam,2017-02,144.66964285714286,75.55535714285715,174.14285714285714
Ahmedabad,2017-03,0.0,0.0,0.0
Aizawl,2017-03,0.0,0.0,0.0
Amaravati,2017-03,0.0,0.0,0.0
Amritsar,2017-03,69.53193548387098,48.898387096774194,89.93548387096774
Bengaluru,2017-03,89.52645161290323,37.07354838709677,81.19354838709677
Bhopal,2017-03,0.0,0.0,0.0
Brajrajnagar,2017-03,0.0,0.0,0.0
Chandigarh,2017-03,0.0,0.0,0.0
Chennai,2017-03,0.0,0.0,0.0
Coimbatore,2017-03,0.0,0.0,0.0
Delhi,2017-03,263.12806451612903,109.24096774193548,282.258064516129
Ernakulam,2017-03,0.0,0.0,0.0
Gurugram,2017-03,0.0,0.0,0.0
Guwahati,2017-03,0.0,0.0,0.0
Hyderabad,2017-03,132.33548387096772,49.39612903225807,135.0
Jaipur,2017-03,0.0,0.0,0.0
Jorapokhar,2017-03,0.0,0.0,0.0
Kochi,2017-03,0.0,0.0,0.0
Kolkata,2017-03,0.0,0.0,0.0
Mumbai,2017-03,0.0,0.0,0.0
Patna,2017-03,0.0,0.0,0.0
Shillong,2017-03,0.0,0.0,0.0
Talcher,2017-03,0.0,0.0,0.0
Thiruvananthapuram,2017-03,0.0,0.0,0.0
Visakhapatnam,2017-03,91.9117857142857,42.44892857142857,122.25
Ahmedabad,2017-04,0.0,0.0,0.0
Aizawl,2017-04,0.0,0.0,0.0
Amaravati,2017-04,0.0,0.0,0.0
Amritsar,2017-04,59.55117647058824,35.855294117647055,69.82352941176471
Bengaluru,2017-04,91.02758620689656,35.92344827586207,93.13793103448276
Bhopal,2017-04,0.0,0.0,0.0
Brajrajnagar,2017-04,0.0,0.0,0.0
Chandigarh,2017-04,0.0,0.0,0.0
Chennai,2017-04,0.0,0.0,0.0
Coimbatore,2017-04,0.0,0.0,0.0
Delhi,2017-04,302.1143333333333,117.26533333333333,316.8
Ernakulam,2017-04,0.0,0.0,0.0
Gurugram,2017-04,0.0,0.0,0.0
Guwahati,2017-04,0.0,0.0,0.0
Hyderabad,2017-04,168.06633333333332,58.174,148.16666666666666
Jaipur,2017-04,0.0,0.0,0.0
Jorapokhar,2017-04,0.0,0.0,0.0
Kochi,2017-04,0.0,0.0,0.0
Kolkata,2017-04,0.0,0.0,0.0
Mumbai,2017-04,0.0,0.0,0.0
Patna,2017-04,0.0,0.0,0.0
Shillong,2017-04,0.0,0.0,0.0
Talcher,2017-04,0.0,0.0,0.0
Thiruvananthapuram,2017-04,0.0,0.0,0.0
Visakhapatnam,2017-04,90.836,36.007,127.6
Ahmedabad,2017-05,0.0,0.0,0.0
Aizawl,2017-05,0.0,0.0,0.0
Amaravati,2017-05,0.0,0.0,0.0
Amritsar,2017-05,124.22444444444444,153.2072222222222,144.83333333333334
Bengaluru,2017-05,65.84870967741935,29.57967741935484,66.96774193548387
Bhopal,2017-05,0.0,0.0,0.0
Brajrajnagar,2017-05,0.0,0.0,0.0
Chandigarh,2017-05,0.0,0.0,0.0
Chennai,2017-05,0.0,0.0,0.0
Coimbatore,2017-05,0.0,0.0,0.0
Delhi,2017-05,313.55064516129033,129.61806451612904,315.4193548387097
Ernakulam,2017-05,0.0,0.0,0.0
Gurugram,2017-05,0.0,0.0,0.0
Guwahati,2017-05,0.0,0.0,0.0
Hyderabad,2017-05,101.68580645161289,35.053225806451614,113.19354838709677
Jaipur,2017-05,0.0,0.0,0.0
Jorapokhar,2017-05,0.0,0.0,0.0
Kochi,2017-05,0.0,0.0,0.0
Kolkata,2017-05,0.0,0.0,0.0
Mumbai,2017-05,0.0,0.0,0.0
Patna,2017-05,0.0,0.0,0.0
Shillong,2017-05,0.0,0.0,0.0
Talcher,2017-05,0.0,0.0,0.0
Thiruvananthapuram,2017-05,0.0,0.0,0.0
Visakhapatnam,2017-05,0.0,0.0,0.0
Ahmedabad,2017-06,0.0,0.0,0.0
Aizawl,2017-06,0.0,0.0,0.0
Amaravati,2017-06,0.0,0.0,0.0
Amritsar,2017-06,93.01214285714286,40.69892857142857,92.71428571428571
Bengaluru,2017-06,83.2848275862069,24.078275862068963,60.793103448275865
Bhopal,2017-06,0.0,0.0,0.0
Brajrajnagar,2017-06,0.0,0.0,0.0
Chandigarh,2017-06,0.0,0.0,0.0
Chennai,2017-06,0.0,0.0,0.0
Coimbatore,2017-06,0.0,0.0,0.0
Delhi,2017-06,232.09923076923076,63.51615384615385,149.92307692307693
Ernakulam,2017-06,0.0,0.0,0.0
Gurugram,2017-06,0.0,0.0,0.0
Guwahati,2017-06,0.0,0.0,0.0
Hyderabad,2017-06,34.26933333333333,11.635333333333334,74.13333333333334
Jaipur,2017-06,57.23545454545455,40.57818181818182,82.9090909090909
Jorapokhar,2017-06,0.0,0.0,0.0
Kochi,2017-06,0.0,0.0,0.0
Kolkata,2017-06,0.0,0.0,0.0
Mumbai,2017-06,0.0,0.0,0.0
Patna,2017-06,0.0,0.0,0.0
Shillong,2017-06,0.0,0.0,0.0
Talcher,2017-06,0.0,0.0,0.0
Thiruvananthapuram,2017-06,28.4375,13.31,43.75
Visakhapatnam,2017-06,0.0,0.0,0.0
Ahmedabad,2017-07,0.0,0.0,0.0
Aizawl,2017-07,0.0,0.0,0.0
Amaravati,2017-07,0.0,0.0,0.0
Amritsar,2017-07,96.58384615384615,46.99423076923077,99.03846153846153
Bengaluru,2017-07,99.3648148148148,35.50851851851852,95.25925925925925
Bhopal,2017-07,0.0,0.0,0.0
Brajrajnagar,2017-07,0.0,0.0,0.0
Chandigarh,2017-07,0.0,0.0,0.0
Chennai,2017-07,0.0,0.0,0.0
Coimbatore,2017-07,0.0,0.0,0.0
Delhi,2017-07,231.72,36.86,62.333333333333336
Ernakulam,2017-07,0.0,0.0,0.0
Gurugram,2017-07,0.0,0.0,0.0
Guwahati,2017-07,0.0,0.0,0.0
Hyderabad,2017-07,44.635161290322586,13.648064516129033,61.58064516129032
Jaipur,2017-07,65.87272727272727,40.780454545454546,83.86363636363636
Jorapokhar,2017-07,0.0,0.0,0.0
Kochi,2017-07,0.0,0.0,0.0
Kolkata,2017-07,0.0,0.0,0.0
Mumbai,2017-07,0.0,0.0,0.0
Patna,2017-07,0.0,0.0,0.0
Shillong,2017-07,0.0,0.0,0.0
Talcher,2017-07,0.0,0.0,0.0
Thiruvananthapuram,2017-07,43.80821428571429,17.3975,49.25
Visakhapatnam,2017-07,0.0,0.0,0.0
Ahmedabad,2017-08,0.0,0.0,0.0
Aizawl,2017-08,0.0,0.0,0.0
Amaravati,2017-08,0.0,0.0,0.0
Amritsar,2017-08,121.29681818181817,32.874545454545455,112.13636363636364
Bengaluru,2017-08,79.5083870967742,20.824193548387097,83.0
Bhopal,2017-08,0.0,0.0,0.0
Brajrajnagar,2017-08,0.0,0.0,0.0
Chandigarh,2017-08,0.0,0.0,0.0
Chennai,2017-08,0.0,0.0,0.0
Coimbatore,2017-08,0.0,0.0,0.0
Delhi,2017-08,60.15,41.62,94.0
Ernakulam,2017-08,0.0,0.0,0.0
Gurugram,2017-08,0.0,0.0,0.0
Guwahati,2017-08,0.0,0.0,0.0
Hyderabad,2017-08,44.512903225806454,16.483548387096775,64.41935483870968
Jaipur,2017-08,112.03833333333334,42.150416666666665,109.875
Jorapokhar,2017-08,0.0,0.0,0.0
Kochi,2017-08,0.0,0.0,0.0
Kolkata,2017-08,0.0,0.0,0.0
Mumbai,2017-08,0.0,0.0,0.0
Patna,2017-08,0.0,0.0,0.0
Shillong,2017-08,0.0,0.0,0.0
Talcher,2017-08,0.0,0.0,0.0
Thiruvananthapuram,2017-08,41.36322580645161,16.66741935483871,61.903225806451616
Visakhapatnam,2017-08,0.0,0.0,0.0
Ahmedabad,2017-09,0.0,0.0,0.0
Aizawl,2017-09,0.0,0.0,0.0
Amaravati,2017-09,0.0,0.0,0.0
Amritsar,2017-09,178.428,53.974666666666664,150.7
Bengaluru,2017-09,82.08266666666667,25.896,72.46666666666667
Bhopal,2017-09,0.0,0.0,0.0
Brajrajnagar,2017-09,0.0,0.0,0.0
Chandigarh,2017-09,0.0,0.0,0.0
Chennai,2017-09,0.0,0.0,0.0
Coimbatore,2017-09,0.0,0.0,0.0
Delhi,2017-09,97.247,52.441,114.66666666666667
Ernakulam,2017-09,0.0,0.0,0.0
Gurugram,2017-09,0.0,0.0,0.0
Guwahati,2017-09,0.0,0.0,0.0
Hyderabad,2017-09,52.31433333333334,24.609666666666666,68.8
Jaipur,2017-09,122.23586206896552,38.470689655172414,126.20689655172414
Jorapokhar,2017-09,0.0,0.0,0.0
Kochi,2017-09,0.0,0.0,0.0
Kolkata,2017-09,0.0,0.0,0.0
Mumbai,2017-09,0.0,0.0,0.0
Patna,2017-09,0.0,0.0,0.0
Shillong,2017-09,0.0,0.0,0.0
Talcher,2017-09,0.0,0.0,0.0
Thiruvananthapuram,2017-09,33.704,14.026666666666667,59.36666666666667
Visakhapatnam,2017-09,0.0,0.0,0.0
Ahmedabad,2017-10,0.0,0.0,0.0
Aizawl,2017-10,0.0,0.0,0.0
Amaravati,2017-10,0.0,0.0,0.0
Amritsar,2017-10,296.44384615384615,158.58153846153846,319.0769230769231
Bengaluru,2017-10,93.67967741935485,39.63290322580645,89.6774193548387
Bhopal,2017-10,0.0,0.0,0.0
Brajrajnagar,2017-10,0.0,0.0,0.0
Chandigarh,2017-10,0.0,0.0,0.0
Chennai,2017-10,0.0,0.0,0.0
Coimbatore,2017-10,0.0,0.0,0.0
Delhi,2017-10,221.10870967741934,146.69516129032257,284.16129032258067
Ernakulam,2017-10,0.0,0.0,0.0
Gurugram,2017-10,0.0,0.0,0.0
Guwahati,2017-10,0.0,0.0,0.0
Hyderabad,2017-10,82.06875000000001,47.32375,124.25
Jaipur,2017-10,171.98233333333334,92.56766666666667,214.23333333333332
Jorapokhar,2017-10,0.0,0.0,0.0
Kochi,2017-10,0.0,0.0,0.0
Kolkata,2017-10,0.0,0.0,0.0
Mumbai,2017-10,0.0,0.0,0.0
Patna,2017-10,0.0,0.0,0.0
Shillong,2017-10,0.0,0.0,0.0
Talcher,2017-10,0.0,0.0,0.0
Thiruvananthapuram,2017-10,24.945,16.235,54.0
Visakhapatnam,2017-10,119.76,55.84,116.0
Ahmedabad,2017-11,0.0,0.0,0.0
Aizawl,2017-11,0.0,0.0,0.0
Amaravati,2017-11,120.445,75.82166666666667,184.16666666666666
Amritsar,2017-11,246.83566666666667,124.75566666666667,282.2
Bengaluru,2017-11,59.51766666666666,38.007,77.23333333333333
Bhopal,2017-11,0.0,0.0,0.0
Brajrajnagar,2017-11,0.0,0.0,0.0
Chandigarh,2017-11,0.0,0.0,0.0
Chennai,2017-11,0.0,0.0,0.0
Coimbatore,2017-11,0.0,0.0,0.0
Delhi,2017-11,354.22900000000004,249.79,406.73333333333335
Ernakulam,2017-11,0.0,0.0,0.0
Gurugram,2017-11,0.0,0.0,0.0
Guwahati,2017-11,0.0,0.0,0.0
Hyderabad,2017-11,103.92833333333333,56.208333333333336,120.36666666666666
Jaipur,2017-11,193.34133333333332,110.87566666666666,239.6
Jorapokhar,2017-11,0.0,0.0,0.0
Kochi,2017-11,0.0,0.0,0.0
Kolkata,2017-11,0.0,0.0,0.0
Mumbai,2017-11,0.0,0.0,0.0
Patna,2017-11,0.0,0.0,0.0
Shillong,2017-11,0.0,0.0,0.0
Talcher,2017-11,0.0,0.0,0.0
Thiruvananthapuram,2017-11,55.17766666666667,37.861666666666665,88.86666666666666
Visakhapatnam,2017-11,81.48266666666667,41.586,110.3
Ahmedabad,2017-12,0.0,0.0,0.0
Aizawl,2017-12,0.0,0.0,0.0
Amaravati,2017-12,143.46645161290323,85.99806451612903,194.1290322580645
Amritsar,2017-12,194.27466666666666,97.58466666666666,219.46666666666667
Bengaluru,2017-12,70.31,66.85068965517242,97.79310344827586
Bhopal,2017-12,0.0,0.0,0.0
Brajrajnagar,2017-12,158.897,101.66,247.6
Chandigarh,2017-12,0.0,0.0,0.0
Chennai,2017-12,0.0,0.0,0.0
Coimbatore,2017-12,0.0,0.0,0.0
Delhi,2017-12,287.6874193548387,189.34129032258065,337.1290322580645
Ernakulam,2017-12,0.0,0.0,0.0
Gurugram,2017-12,395.4,217.74,365.0
Guwahati,2017-12,0.0,0.0,0.0
Hyderabad,2017-12,134.46580645161288,72.11677419354838,143.74193548387098
Jaipur,2017-12,150.43774193548387,78.20774193548387,168.38709677419354
Jorapokhar,2017-12,0.0,0.0,0.0
Kochi,2017-12,0.0,0.0,0.0
Kolkata,2017-12,0.0,0.0,0.0
Mumbai,2017-12,0.0,0.0,0.0
Patna,2017-12,0.0,0.0,0.0
Shillong,2017-12,0.0,0.0,0.0
Talcher,2017-12,0.0,0.0,0.0
Thiruvananthapuram,2017-12,67.81423076923078,48.41076923076923,92.57692307692308
Visakhapatnam,2017-12,143.60645161290324,80.35387096774194,175.03225806451613
Ahmedabad,2018-01,0.0,0.0,0.0
Aizawl,2018-01,0.0,0.0,0.0
Amaravati,2018-01,137.12774193548387,78.15064516129033,172.4516129032258
Amritsar,2018-01,152.3281818181818,76.37590909090909,170.86363636363637
Bengaluru,2018-01,100.31548387096775,38.339354838709674,97.58064516129032
Bhopal,2018-01,0.0,0.0,0.0
Brajrajnagar,2018-01,0.0,0.0,0.0
Chandigarh,2018-01,0.0,0.0,0.0
Chennai,2018-01,0.0,0.0,0.0
Coimbatore,2018-01,0.0,0.0,0.0
Delhi,2018-01,300.28806451612905,189.78548387096777,349.741935483871
Ernakulam,2018-01,0.0,0.0,0.0
Gurugram,2018-01,326.7914285714286,191.56714285714284,352.42857142857144
Guwahati,2018-01,0.0,0.0,0.0
Hyderabad,2018-01,144.85387096774195,68.94258064516129,143.09677419354838
Jaipur,2018-01,171.33387096774194,82.18645161290321,190.29032258064515
Jorapokhar,2018-01,0.0,0.0,0.0
Kochi,2018-01,0.0,0.0,0.0
Kolkata,2018-01,0.0,0.0,0.0
Mumbai,2018-01,0.0,0.0,0.0
Patna,2018-01,0.0,0.0,0.0
Shillong,2018-01,0.0,0.0,0.0
Talcher,2018-01,0.0,0.0,0.0
Thiruvananthapuram,2018-01,96.08258064516129,67.95516129032258,137.25806451612902
Visakhapatnam,2018-01,197.5148148148148,99.79851851851852,223.55555555555554
Ahmedabad,2018-02,0.0,0.0,0.0
Aizawl,2018-02,0.0,0.0,0.0
Amaravati,2018-02,108.06428571428572,47.21785714285714,107.03571428571429
Amritsar,2018-02,136.3653846153846,50.20538461538461,131.34615384615384
Bengaluru,2018-02,74.18321428571429,29.886428571428574,81.0
Bhopal,2018-02,0.0,0.0,0.0
Brajrajnagar,2018-02,200.73444444444445,96.90666666666667,225.37037037037038
Chandigarh,2018-02,0.0,0.0,0.0
Chennai,2018-02,0.0,0.0,0.0
Coimbatore,2018-02,0.0,0.0,0.0
Delhi,2018-02,265.06428571428575,137.8875,289.17857142857144
Ernakulam,2018-02,0.0,0.0,0.0
Gurugram,2018-02,231.87473684210525,136.18421052631578,299.6842105263158
Guwahati,2018-02,0.0,0.0,0.0
Hyderabad,2018-02,115.05214285714285,50.582142857142856,112.35714285714286
Jaipur,2018-02,150.4932142857143,85.85285714285715,184.78571428571428
Jorapokhar,2018-02,0.0,0.0,0.0
Kochi,2018-02,0.0,0.0,0.0
Kolkata,2018-02,0.0,0.0,0.0
Mumbai,2018-02,0.0,0.0,0.0
Patna,2018-02,0.0,0.0,0.0
Shillong,2018-02,0.0,0.0,0.0
Talcher,2018-02,369.1563157894737,171.4236842105263,350.2105263157895
Thiruvananthapuram,2018-02,84.2332,50.287600000000005,95.92
Visakhapatnam,2018-02,162.39642857142857,67.35178571428571,151.39285714285714
Ahmedabad,2018-03,0.0,0.0,0.0
Aizawl,2018-03,0.0,0.0,0.0
Amaravati,2018-03,79.011,37.22833333333333,80.1
Amritsar,2018-03,109.48227272727273,36.48318181818182,105.13636363636364
Bengaluru,2018-03,99.52076923076923,34.58692307692308,91.3076923076923
Bhopal,2018-03,0.0,0.0,0.0
Brajrajnagar,2018-03,236.83935483870965,122.66225806451614,269.35483870967744
Chandigarh,2018-03,0.0,0.0,0.0
Chennai,2018-03,0.0,0.0,0.0
Coimbatore,2018-03,0.0,0.0,0.0
Delhi,2018-03,224.21645161290323,99.28580645161291,234.1290322580645
Ernakulam,2018-03,0.0,0.0,0.0
Gurugram,2018-03,171.72193548387096,78.97806451612904,188.90322580645162
Guwahati,2018-03,0.0,0.0,0.0
Hyderabad,2018-03,115.53645161290324,53.670967741935485,113.06451612903226
Jaipur,2018-03,117.95096774193549,47.31645161290322,124.03225806451613
Jorapokhar,2018-03,0.0,0.0,0.0
Kochi,2018-03,0.0,0.0,0.0
Kolkata,2018-03,0.0,0.0,0.0
Mumbai,2018-03,0.0,0.0,0.0
Patna,2018-03,0.0,0.0,0.0
Shillong,2018-03,0.0,0.0,0.0
Talcher,2018-03,286.14363636363635,136.61227272727274,293.59090909090907
Thiruvananthapuram,2018-03,68.69096774193548,37.95677419354839,85.41935483870968
Visakhapatnam,2018-03,117.05419354838709,51.62064516129032,115.90322580645162
Ahmedabad,2018-04,0.0,0.0,0.0
Aizawl,2018-04,0.0,0.0,0.0
Amaravati,2018-04,44.85,15.815714285714286,54.0
Amritsar,2018-04,117.9616,42.57,110.76
Bengaluru,2018-04,67.26818181818182,36.907272727272726,73.0909090909091
Bhopal,2018-04,0.0,0.0,0.0
Brajrajnagar,2018-04,144.76586206896553,64.23344827586207,144.68965517241378
Chandigarh,2018-04,0.0,0.0,0.0
Chennai,2018-04,0.0,0.0,0.0
Coimbatore,2018-04,0.0,0.0,0.0
Delhi,2018-04,254.447,90.47166666666666,245.53333333333333
Ernakulam,2018-04,0.0,0.0,0.0
Gurugram,2018-04,182.96772727272727,79.04727272727273,192.9090909090909
Guwahati,2018-04,0.0,0.0,0.0
Hyderabad,2018-04,91.042,38.266666666666666,96.26666666666667
Jaipur,2018-04,158.96533333333335,57.60766666666667,156.3
Jorapokhar,2018-04,0.0,0.0,0.0
Kochi,2018-04,0.0,0.0,0.0
Kolkata,2018-04,47.04571428571428,25.245714285714286,77.42857142857143
Mumbai,2018-04,0.0,0.0,0.0
Patna,2018-04,0.0,0.0,0.0
Shillong,2018-04,0.0,0.0,0.0
Talcher,2018-04,131.7921052631579,59.14894736842105,142.1578947368421
Thiruvananthapuram,2018-04,52.324137931034485,26.18655172413793,79.17241379310344
Visakhapatnam,2018-04,72.08655172413793,24.651379310344826,75.24137931034483
Ahmedabad,2018-05,0.0,0.0,0.0
Aizawl,2018-05,0.0,0.0,0.0
Amaravati,2018-05,50.68952380952381,21.152380952380952,95.28571428571429
Amritsar,2018-05,138.76903225806453,68.65677419354839,148.32258064516128
Bengaluru,2018-05,63.065,41.6,81.14285714285714
Bhopal,2018-05,0.0,0.0,0.0
Brajrajnagar,2018-05,115.09774193548388,54.3458064516129,123.70967741935483
Chandigarh,2018-05,0.0,0.0,0.0
Chennai,2018-05,0.0,0.0,0.0
Coimbatore,2018-05,0.0,0.0,0.0
Delhi,2018-05,242.44354838709677,88.47548387096774,235.32258064516128
Ernakulam,2018-05,0.0,0.0,0.0
Gurugram,2018-05,211.06137931034482,108.60620689655173,213.20689655172413
Guwahati,2018-05,0.0,0.0,0.0
Hyderabad,2018-05,90.72838709677418,35.61774193548387,98.74193548387096
Jaipur,2018-05,179.55548387096775,63.77645161290322,172.2258064516129
Jorapokhar,2018-05,0.0,0.0,0.0
Kochi,2018-05,0.0,0.0,0.0
Kolkata,2018-05,0.0,0.0,0.0
Mumbai,2018-05,68.575,21.184,77.0
Patna,2018-05,0.0,0.0,0.0
Shillong,2018-05,0.0,0.0,0.0
Talcher,2018-05,115.46935483870968,51.30258064516129,114.2258064516129
Thiruvananthapuram,2018-05,37.50709677419355,18.990967741935485,64.2258064516129
Visakhapatnam,2018-05,74.75428571428571,21.51571428571429,78.57142857142857
Ahmedabad,2018-06,0.0,0.0,0.0
Aizawl,2018-06,0.0,0.0,0.0
Amaravati,2018-06,57.64866666666667,21.918,90.03333333333333
Amritsar,2018-06,226.89555555555557,63.773703703703696,214.59259259259258
Bengaluru,2018-06,49.76533333333334,25.462333333333333,66.93333333333334
Bhopal,2018-06,0.0,0.0,0.0
Brajrajnagar,2018-06,75.22631578947369,41.153684210526315,107.84210526315789
Chandigarh,2018-06,0.0,0.0,0.0
Chennai,2018-06,0.0,0.0,0.0
Coimbatore,2018-06,0.0,0.0,0.0
Delhi,2018-06,245.54266666666666,80.96233333333333,224.36666666666667
Ernakulam,2018-06,0.0,0.0,0.0
Gurugram,2018-06,155.28285714285715,79.48571428571428,169.42857142857142
Guwahati,2018-06,0.0,0.0,0.0
Hyderabad,2018-06,54.568666666666665,23.077333333333335,65.6
Jaipur,2018-06,175.89266666666666,68.03633333333333,171.16666666666666
Jorapokhar,2018-06,0.0,0.0,0.0
Kochi,2018-06,0.0,0.0,0.0
Kolkata,2018-06,61.59066666666667,30.787333333333333,75.33333333333333
Mumbai,2018-06,63.24533333333333,17.583333333333332,88.26666666666667
Patna,2018-06,0.0,0.0,0.0
Shillong,2018-06,0.0,0.0,0.0
Talcher,2018-06,130.7784210526316,42.124736842105264,132.68421052631578
Thiruvananthapuram,2018-06,37.80733333333333,14.549666666666667,55.5
Visakhapatnam,2018-06,105.50347826086956,35.160000000000004,100.47826086956522
Ahmedabad,2018-07,0.0,0.0,0.0
Aizawl,2018-07,0.0,0.0,0.0
Amaravati,2018-07,48.81033333333333,16.356,65.53333333333333
Amritsar,2018-07,62.310869565217395,33.91913043478261,71.47826086956522
Bengaluru,2018-07,56.049354838709675,19.72774193548387,61.774193548387096
Bhopal,2018-07,0.0,0.0,0.0
Brajrajnagar,2018-07,53.64322580645162,31.850645161290323,88.38709677419355
Chandigarh,2018-07,0.0,0.0,0.0
Chennai,2018-07,0.0,0.0,0.0
Coimbatore,2018-07,0.0,0.0,0.0
Delhi,2018-07,102.67064516129032,41.641935483870974,112.41935483870968
Ernakulam,2018-07,0.0,0.0,0.0
Gurugram,2018-07,0.0,0.0,0.0
Guwahati,2018-07,0.0,0.0,0.0
Hyderabad,2018-07,45.04096774193548,17.074193548387097,54.25806451612903
Jaipur,2018-07,96.32225806451612,47.20322580645161,110.03225806451613
Jorapokhar,2018-07,0.0,0.0,0.0
Kochi,2018-07,0.0,0.0,0.0
Kolkata,2018-07,41.660322580645165,22.626774193548385,51.61290322580645
Mumbai,2018-07,64.0825,16.623214285714287,69.0
Patna,2018-07,0.0,0.0,0.0
Shillong,2018-07,0.0,0.0,0.0
Talcher,2018-07,101.85903225806452,21.437096774193545,114.25806451612904
Thiruvananthapuram,2018-07,39.93266666666667,15.331333333333333,53.06666666666667
Visakhapatnam,2018-07,95.23700000000001,32.583333333333336,91.5
Ahmedabad,2018-08,0.0,0.0,0.0
Aizawl,2018-08,0.0,0.0,0.0
Amaravati,2018-08,43.43785714285714,15.575357142857143,69.57142857142857
Amritsar,2018-08,37.9,19.92,42.0
Bengaluru,2018-08,59.188709677419354,19.11935483870968,62.83870967741935
Bhopal,2018-08,0.0,0.0,0.0
Brajrajnagar,2018-08,59.18966666666667,36.333666666666666,73.73333333333333
Chandigarh,2018-08,0.0,0.0,0.0
Chennai,2018-08,0.0,0.0,0.0
Coimbatore,2018-08,0.0,0.0,0.0
Delhi,2018-08,117.76290322580645,41.03741935483871,122.06451612903226
Ernakulam,2018-08,0.0,0.0,0.0
Gurugram,2018-08,0.0,0.0,0.0
Guwahati,2018-08,0.0,0.0,0.0
Hyderabad,2018-08,50.25064516129032,17.59935483870968,54.096774193548384
Jaipur,2018-08,105.0232258064516,42.47548387096774,105.0
Jorapokhar,2018-08,0.0,0.0,0.0
Kochi,2018-08,0.0,0.0,0.0
Kolkata,2018-08,42.064193548387095,21.254516129032258,70.3225806451613
Mumbai,2018-08,60.69516129032258,21.90032258064516,74.80645161290323
Patna,2018-08,0.0,0.0,0.0
Shillong,2018-08,0.0,0.0,0.0
Talcher,2018-08,95.77545454545454,23.222727272727273,116.72727272727273
Thiruvananthapuram,2018-08,35.965161290322584,12.80516129032258,76.64516129032258
Visakhapatnam,2018-08,97.103,38.8775,96.7
Ahmedabad,2018-09,0.0,0.0,0.0
Aizawl,2018-09,0.0,0.0,0.0
Amaravati,2018-09,66.01875,27.682083333333335,81.75
Amritsar,2018-09,0.0,0.0,0.0
Bengaluru,2018-09,69.28366666666668,25.098333333333336,76.16666666666667
Bhopal,2018-09,0.0,0.0,0.0
Brajrajnagar,2018-09,0.0,0.0,0.0
Chandigarh,2018-09,0.0,0.0,0.0
Chennai,2018-09,0.0,0.0,0.0
Coimbatore,2018-09,0.0,0.0,0.0
Delhi,2018-09,114.68533333333333,45.34733333333334,121.93333333333334
Ernakulam,2018-09,0.0,0.0,0.0
Gurugram,2018-09,210.02,81.18,211.0
Guwahati,2018-09,0.0,0.0,0.0
Hyderabad,2018-09,78.84666666666666,36.35066666666667,79.03333333333333
Jaipur,2018-09,98.67266666666666,39.815333333333335,99.0
Jorapokhar,2018-09,0.0,0.0,0.0
Kochi,2018-09,0.0,0.0,0.0
Kolkata,2018-09,65.798,38.48233333333334,83.06666666666666
Mumbai,2018-09,72.85266666666666,28.953333333333333,87.23333333333333
Patna,2018-09,0.0,0.0,0.0
Shillong,2018-09,0.0,0.0,0.0
Talcher,2018-09,0.0,0.0,0.0
Thiruvananthapuram,2018-09,48.392857142857146,20.473214285714285,59.714285714285715
Visakhapatnam,2018-09,106.988,44.924,104.73333333333333
Ahmedabad,2018-10,0.0,0.0,0.0
Aizawl,2018-10,0.0,0.0,0.0
Amaravati,2018-10,109.54380952380953,45.539523809523814,107.33333333333333
Amritsar,2018-10,149.33636363636364,50.07818181818182,131.1818181818182
Bengaluru,2018-10,94.31548387096774,36.83354838709677,94.70967741935483
Bhopal,2018-10,0.0,0.0,0.0
Brajrajnagar,2018-10,92.595,29.6475,106.5
Chandigarh,2018-10,0.0,0.0,0.0
Chennai,2018-10,0.0,0.0,0.0
Coimbatore,2018-10,0.0,0.0,0.0
Delhi,2018-10,295.13451612903225,134.32064516129032,290.4193548387097
Ernakulam,2018-10,0.0,0.0,0.0
Gurugram,2018-10,262.751,154.07266666666666,304.3666666666667
Guwahati,2018-10,0.0,0.0,0.0
Hyderabad,2018-10,118.45290322580645,54.57677419354838,110.06451612903226
Jaipur,2018-10,136.42387096774195,61.92225806451613,148.1290322580645
Jorapokhar,2018-10,0.0,0.0,0.0
Kochi,2018-10,0.0,0.0,0.0
Kolkata,2018-10,113.86806451612902,68.92290322580645,163.06451612903226
Mumbai,2018-10,125.7632,46.0496,121.6
Patna,2018-10,0.0,0.0,0.0
Shillong,2018-10,0.0,0.0,0.0
Talcher,2018-10,16.151875,49.686875,113.9375
Thiruvananthapuram,2018-10,50.468387096774194,28.350322580645162,71.74193548387096
Visakhapatnam,2018-10,142.41548387096773,63.627741935483876,141.61290322580646
Ahmedabad,2018-11,0.0,0.0,0.0
Aizawl,2018-11,0.0,0.0,0.0
Amaravati,2018-11,106.46421052631578,49.12263157894736,112.3157894736842
Amritsar,2018-11,146.6782142857143,60.55821428571429,141.03571428571428
Bengaluru,2018-11,91.376,45.17466666666667,104.2
Bhopal,2018-11,0.0,0.0,0.0
Brajrajnagar,2018-11,134.35266666666666,88.046,190.33333333333334
Chandigarh,2018-11,0.0,0.0,0.0
Chennai,2018-11,0.0,0.0,0.0
Coimbatore,2018-11,0.0,0.0,0.0
Delhi,2018-11,342.432,202.31733333333335,367.06666666666666
Ernakulam,2018-11,0.0,0.0,0.0
Gurugram,2018-11,278.54633333333334,166.34466666666668,324.7
Guwahati,2018-11,0.0,0.0,0.0
Hyderabad,2018-11,118.271,54.43833333333334,110.96666666666667
Jaipur,2018-11,161.69733333333335,74.41366666666666,178.13333333333333
Jorapokhar,2018-11,0.0,0.0,0.0
Kochi,2018-11,0.0,0.0,0.0
Kolkata,2018-11,225.698,141.57066666666665,283.6666666666667
Mumbai,2018-11,157.3528,60.5088,155.88
Patna,2018-11,0.0,0.0,0.0
Shillong,2018-11,0.0,0.0,0.0
Talcher,2018-11,344.58466666666664,80.52533333333332,305.0
Thiruvananthapuram,2018-11,66.73366666666666,44.806333333333335,97.2
Visakhapatnam,2018-11,103.548,55.052499999999995,120.9
Ahmedabad,2018-12,0.0,0.0,0.0
Aizawl,2018-12,0.0,0.0,0.0
Amaravati,2018-12,128.78703703703704,78.26666666666667,172.1851851851852
Amritsar,2018-12,139.32709677419356,62.108064516129026,129.3548387096774
Bengaluru,2018-12,106.60032258064517,56.34870967741936,119.0
Bhopal,2018-12,0.0,0.0,0.0
Brajrajnagar,2018-12,147.49692307692308,91.48615384615384,207.5
Chandigarh,2018-12,0.0,0.0,0.0
Chennai,2018-12,0.0,0.0,0.0
Coimbatore,2018-12,0.0,0.0,0.0
Delhi,2018-12,378.94290322580645,229.5909677419355,400.38709677419354
Ernakulam,2018-12,0.0,0.0,0.0
Gurugram,2018-12,283.64724137931034,152.05068965517242,293.7241379310345
Guwahati,2018-12,0.0,0.0,0.0
Hyderabad,2018-12,125.44096774193548,67.40870967741935,133.32258064516128
Jaipur,2018-12,142.94064516129032,67.7490322580645,164.74193548387098
Jorapokhar,2018-12,0.0,0.0,0.0
Kochi,2018-12,0.0,0.0,0.0
Kolkata,2018-12,292.0445161290322,182.72096774193548,338.258064516129
Mumbai,2018-12,166.24032258064514,65.2258064516129,153.0
Patna,2018-12,0.0,0.0,0.0
Shillong,2018-12,0.0,0.0,0.0
Talcher,2018-12,309.58809523809526,100.22476190476189,279.6190476190476
Thiruvananthapuram,2018-12,84.96366666666667,57.57,126.36666666666666
Visakhapatnam,2018-12,127.5424,72.5224,170.84
Ahmedabad,2019-01,0.0,0.0,0.0
Aizawl,2019-01,0.0,0.0,0.0
Amaravati,2019-01,153.26645161290324,93.16838709677418,218.61290322580646
Amritsar,2019-01,89.67766666666667,41.60166666666667,94.63333333333334
Bengaluru,2019-01,102.30548387096773,54.72451612903226,116.80645161290323
Bhopal,2019-01,0.0,0.0,0.0
Brajrajnagar,2019-01,176.3974193548387,111.3683870967742,259.96774193548384
Chandigarh,2019-01,0.0,0.0,0.0
Chennai,2019-01,0.0,0.0,0.0
Coimbatore,2019-01,0.0,0.0,0.0
Delhi,2019-01,320.0448387096774,204.34709677419355,365.741935483871
Ernakulam,2019-01,0.0,0.0,0.0
Gurugram,2019-01,263.56275862068964,148.4151724137931,295.55172413793105
Guwahati,2019-01,0.0,0.0,0.0
Hyderabad,2019-01,133.09935483870967,67.6183870967742,133.29032258064515
Jaipur,2019-01,138.53354838709677,62.39935483870968,150.29032258064515
Jorapokhar,2019-01,207.8491304347826,123.42347826086956,267.17391304347825
Kochi,2019-01,0.0,0.0,0.0
Kolkata,2019-01,311.11548387096775,202.11096774193547,360.83870967741933
Mumbai,2019-01,194.31193548387097,65.84096774193549,165.51612903225808
Patna,2019-01,0.0,0.0,0.0
Shillong,2019-01,0.0,0.0,0.0
Talcher,2019-01,323.644,105.65433333333334,289.4
Thiruvananthapuram,2019-01,94.58290322580646,60.03741935483871,128.16129032258064
Visakhapatnam,2019-01,213.28966666666665,115.372,264.3666666666667
Ahmedabad,2019-02,0.0,0.0,0.0
Aizawl,2019-02,0.0,0.0,0.0
Amaravati,2019-02,104.49214285714287,52.19392857142857,114.46428571428571
Amritsar,2019-02,93.1892857142857,46.604642857142856,94.89285714285714
Bengaluru,2019-02,97.48428571428572,45.544285714285714,106.25
Bhopal,2019-02,0.0,0.0,0.0
Brajrajnagar,2019-02,163.57703703703703,92.19,208.25925925925927
Chandigarh,2019-02,0.0,0.0,0.0
Chennai,2019-02,0.0,0.0,0.0
Coimbatore,2019-02,0.0,0.0,0.0
Delhi,2019-02,212.37964285714287,122.31642857142857,258.17857142857144
Ernakulam,2019-02,0.0,0.0,0.0
Gurugram,2019-02,173.97185185185185,81.35259259259259,184.88888888888889
Guwahati,2019-02,130.41727272727272,79.12909090909092,168.54545454545453
Hyderabad,2019-02,119.05428571428571,55.47714285714286,113.25
Jaipur,2019-02,109.55821428571429,48.77571428571429,118.71428571428571
Jorapokhar,2019-02,153.35,81.49428571428572,187.21428571428572
Kochi,2019-02,0.0,0.0,0.0
Kolkata,2019-02,218.615,127.87357142857142,266.07142857142856
Mumbai,2019-02,159.2617857142857,54.66285714285714,149.82142857142858
Patna,2019-02,0.0,0.0,0.0
Shillong,2019-02,0.0,0.0,0.0
Talcher,2019-02,361.5951851851852,76.50962962962964,322.55555555555554
Thiruvananthapuram,2019-02,67.87928571428571,37.80571428571428,88.42857142857143
Visakhapatnam,2019-02,154.6476,67.7096,152.52
Ahmedabad,2019-03,0.0,0.0,0.0
Aizawl,2019-03,0.0,0.0,0.0
Amaravati,2019-03,69.73645161290322,26.749354838709678,79.96774193548387
Amritsar,2019-03,88.65733333333333,51.662000000000006,99.73333333333333
Bengaluru,2019-03,109.81935483870969,48.90516129032258,122.12903225806451
Bhopal,2019-03,0.0,0.0,0.0
Brajrajnagar,2019-03,156.23612903225805,84.69322580645161,186.8709677419355
Chandigarh,2019-03,0.0,0.0,0.0
Chennai,2019-03,0.0,0.0,0.0
Coimbatore,2019-03,0.0,0.0,0.0
Delhi,2019-03,181.93548387096774,84.15096774193547,197.3548387096774
Ernakulam,2019-03,0.0,0.0,0.0
Gurugram,2019-03,161.42548387096772,66.76516129032258,150.48387096774192
Guwahati,2019-03,183.0225806451613,97.95161290322581,223.29032258064515
Hyderabad,2019-03,115.5958064516129,46.99903225806452,106.16129032258064
Jaipur,2019-03,100.27580645161291,40.8416129032258,106.7741935483871
Jorapokhar,2019-03,133.4255172413793,69.10206896551725,148.41379310344828
Kochi,2019-03,0.0,0.0,0.0
Kolkata,2019-03,133.86258064516127,72.31709677419354,157.7741935483871
Mumbai,2019-03,120.26161290322581,30.410645161290322,123.48387096774194
Patna,2019-03,0.0,0.0,0.0
Shillong,2019-03,0.0,0.0,0.0
Talcher,2019-03,229.28166666666664,49.22555555555555,189.88888888888889
Thiruvananthapuram,2019-03,77.99129032258064,34.89483870967742,88.83870967741936
Visakhapatnam,2019-03,96.62966666666667,31.333666666666666,93.03333333333333
Ahmedabad,2019-04,0.0,0.0,0.0
Aizawl,2019-04,0.0,0.0,0.0
Amaravati,2019-04,59.04833333333333,20.330333333333332,78.13333333333334
Amritsar,2019-04,107.94633333333333,51.79233333333333,112.0
Bengaluru,2019-04,99.016,49.26733333333333,124.3
Bhopal,2019-04,0.0,0.0,0.0
Brajrajnagar,2019-04,171.1353333333333,85.306,182.93333333333334
Chandigarh,2019-04,0.0,0.0,0.0
Chennai,2019-04,0.0,0.0,0.0
Coimbatore,2019-04,0.0,0.0,0.0
Delhi,2019-04,229.14133333333334,82.31099999999999,219.4
Ernakulam,2019-04,0.0,0.0,0.0
Gurugram,2019-04,238.91586206896554,87.63068965517242,212.06896551724137
Guwahati,2019-04,86.19433333333333,50.89366666666667,105.93333333333334
Hyderabad,2019-04,94.34833333333333,36.824666666666666,94.8
Jaipur,2019-04,154.14333333333335,51.480000000000004,151.0
Jorapokhar,2019-04,111.84318181818183,54.21318181818182,111.22727272727273
Kochi,2019-04,0.0,0.0,0.0
Kolkata,2019-04,85.09933333333333,42.20399999999999,86.8
Mumbai,2019-04,77.837,20.569666666666667,98.06666666666666
Patna,2019-04,0.0,0.0,0.0
Shillong,2019-04,0.0,0.0,0.0
Talcher,2019-04,156.9512,41.7224,142.16
Thiruvananthapuram,2019-04,55.743448275862065,25.83137931034483,69.93103448275862
Visakhapatnam,2019-04,92.54964285714286,27.645714285714288,93.07142857142857
Ahmedabad,2019-05,136.10823529411766,42.21235294117647,413.52941176470586
Aizawl,2019-05,0.0,0.0,0.0
Amaravati,2019-05,106.28444444444443,38.82740740740741,106.77777777777777
Amritsar,2019-05,103.57193548387097,50.498387096774195,113.25806451612904
Bengaluru,2019-05,88.25290322580646,40.1683870967742,105.38709677419355
Bhopal,2019-05,0.0,0.0,0.0
Brajrajnagar,2019-05,125.74,55.70518518518519,131.25925925925927
Chandigarh,2019-05,0.0,0.0,0.0
Chennai,2019-05,0.0,0.0,0.0
Coimbatore,2019-05,0.0,0.0,0.0
Delhi,2019-05,246.8183870967742,89.74806451612903,235.83870967741936
Ernakulam,2019-05,0.0,0.0,0.0
Gurugram,2019-05,223.92299999999997,97.45966666666666,216.76666666666668
Guwahati,2019-05,86.45206896551724,29.094137931034485,110.89655172413794
Hyderabad,2019-05,125.5841935483871,43.067096774193544,113.41935483870968
Jaipur,2019-05,148.00032258064516,57.200645161290325,142.16129032258064
Jorapokhar,2019-05,0.0,0.0,0.0
Kochi,2019-05,0.0,0.0,0.0
Kolkata,2019-05,93.25967741935484,43.31483870967742,88.54838709677419
Mumbai,2019-05,65.25322580645161,15.492258064516129,87.87096774193549
Patna,2019-05,0.0,0.0,0.0
Shillong,2019-05,0.0,0.0,0.0
Talcher,2019-05,145.34142857142857,33.615,131.10714285714286
Thiruvananthapuram,2019-05,63.65354838709678,22.856774193548386,75.41935483870968
Visakhapatnam,2019-05,138.87,41.88033333333333,123.93333333333334
Ahmedabad,2019-06,117.49866666666667,43.349666666666664,395.1333333333333
Aizawl,2019-06,0.0,0.0,0.0
Amaravati,2019-06,54.61266666666667,21.019000000000002,66.33333333333333
Amritsar,2019-06,109.13433333333334,41.405,106.0
Bengaluru,2019-06,54.626999999999995,23.319333333333336,70.53333333333333
Bhopal,2019-06,0.0,0.0,0.0
Brajrajnagar,2019-06,65.79461538461538,31.585384615384616,102.76923076923077
Chandigarh,2019-06,0.0,0.0,0.0
Chennai,2019-06,41.892857142857146,45.839999999999996,100.85714285714286
Coimbatore,2019-06,43.50411764705883,33.534705882352945,66.52941176470588
Delhi,2019-06,208.54666666666665,63.840333333333334,197.76666666666668
Ernakulam,2019-06,0.0,0.0,0.0
Gurugram,2019-06,190.5475,66.37416666666667,160.83333333333334
Guwahati,2019-06,52.25933333333333,28.841333333333335,56.9
Hyderabad,2019-06,57.309666666666665,23.173000000000002,64.66666666666667
Jaipur,2019-06,118.85,46.77766666666666,119.96666666666667
Jorapokhar,2019-06,0.0,0.0,0.0
Kochi,2019-06,0.0,0.0,0.0
Kolkata,2019-06,60.16433333333334,32.212666666666664,71.63333333333334
Mumbai,2019-06,58.10766666666667,14.686,72.0
Patna,2019-06,0.0,0.0,0.0
Shillong,2019-06,0.0,0.0,0.0
Talcher,2019-06,104.2724,26.3456,102.32
Thiruvananthapuram,2019-06,38.148125,12.831875,50.5625
Visakhapatnam,2019-06,110.56448275862068,38.8348275862069,103.72413793103448
Ahmedabad,2019-07,117.01413793103448,44.31310344827586,481.2068965517241
Aizawl,2019-07,0.0,0.0,0.0
Amaravati,2019-07,29.70413793103448,13.050344827586207,49.6551724137931
Amritsar,2019-07,74.06548387096775,34.60903225806451,73.70967741935483
Bengaluru,2019-07,53.67290322580645,21.32741935483871,63.74193548387097
Bhopal,2019-07,0.0,0.0,0.0
Brajrajnagar,2019-07,44.84142857142857,21.08642857142857,92.71428571428571
Chandigarh,2019-07,0.0,0.0,0.0
Chennai,2019-07,33.70076923076923,31.367692307692305,81.07692307692308
Coimbatore,2019-07,41.11642857142857,30.527142857142856,67.5
Delhi,2019-07,140.8267741935484,46.733548387096775,145.09677419354838
Ernakulam,2019-07,0.0,0.0,0.0
Gurugram,2019-07,121.84709677419355,51.90774193548388,114.09677419354838
Guwahati,2019-07,76.44137931034483,32.91379310344828,75.86206896551724
Hyderabad,2019-07,39.932580645161295,15.968709677419357,48.096774193548384
Jaipur,2019-07,79.22258064516129,35.388064516129035,84.80645161290323
Jorapokhar,2019-07,0.0,0.0,0.0
Kochi,2019-07,0.0,0.0,0.0
Kolkata,2019-07,53.11387096774193,27.50483870967742,61.935483870967744
Mumbai,2019-07,45.402580645161294,12.40516129032258,65.45161290322581
Patna,2019-07,0.0,0.0,0.0
Shillong,2019-07,0.0,0.0,0.0
Talcher,2019-07,85.78967741935485,21.716129032258067,95.06451612903226
Thiruvananthapuram,2019-07,32.90806451612903,11.94516129032258,56.96774193548387
Visakhapatnam,2019-07,95.60285714285715,30.355,94.21428571428571
Ahmedabad,2019-08,137.3009677419355,43.46064516129032,516.8709677419355
Aizawl,2019-08,0.0,0.0,0.0
Amaravati,2019-08,29.202222222222222,12.282222222222224,47.333333333333336
Amritsar,2019-08,55.53344827586207,29.025172413793104,57.13793103448276
Bengaluru,2019-08,45.02516129032258,17.167096774193546,59.354838709677416
Bhopal,2019-08,0.0,0.0,0.0
Brajrajnagar,2019-08,55.328421052631576,27.577368421052633,100.52631578947368
Chandigarh,2019-08,0.0,0.0,0.0
Chennai,2019-08,36.51833333333333,26.16166666666667,86.13333333333334
Coimbatore,2019-08,30.204615384615384,22.796538461538464,76.8076923076923
Delhi,2019-08,81.95677419354838,34.11677419354838,99.29032258064517
Ernakulam,2019-08,0.0,0.0,0.0
Gurugram,2019-08,71.0126923076923,32.80769230769231,63.53846153846154
Guwahati,2019-08,119.02645161290323,27.029677419354837,121.0
Hyderabad,2019-08,48.82064516129032,17.43903225806452,57.25806451612903
Jaipur,2019-08,56.802903225806446,26.462903225806453,65.83870967741936
Jorapokhar,2019-08,29.003846153846155,12.631538461538462,114.15384615384616
Kochi,2019-08,0.0,0.0,0.0
Kolkata,2019-08,39.92612903225807,22.899354838709677,54.064516129032256
Mumbai,2019-08,51.20677419354839,13.208387096774192,63.70967741935484
Patna,2019-08,0.0,0.0,0.0
Shillong,2019-08,25.807499999999997,17.7975,36.0
Talcher,2019-08,68.69347826086957,22.522173913043478,98.3913043478261
Thiruvananthapuram,2019-08,30.21225806451613,12.200645161290323,51.87096774193548
Visakhapatnam,2019-08,90.67461538461538,33.3,94.1923076923077
Ahmedabad,2019-09,82.1726923076923,42.081923076923076,459.88461538461536
Aizawl,2019-09,0.0,0.0,0.0
Amaravati,2019-09,0.0,0.0,0.0
Amritsar,2019-09,66.33033333333334,36.398,79.83333333333333
Bengaluru,2019-09,52.04866666666667,22.512333333333334,72.96666666666667
Bhopal,2019-09,39.94538461538461,14.196153846153846,73.84615384615384
Brajrajnagar,2019-09,48.782333333333334,23.871333333333332,94.96666666666667
Chandigarh,2019-09,71.32692307692308,27.627692307692307,78.38461538461539
Chennai,2019-09,49.19620689655173,28.933103448275862,104.58620689655173
Coimbatore,2019-09,31.24827586206897,22.298275862068966,87.72413793103448
Delhi,2019-09,96.85533333333333,40.132666666666665,106.53333333333333
Ernakulam,2019-09,0.0,0.0,0.0
Gurugram,2019-09,77.15033333333334,38.28033333333334,88.56666666666666
Guwahati,2019-09,44.693333333333335,22.948666666666668,48.233333333333334
Hyderabad,2019-09,42.043,20.853666666666665,49.96666666666667
Jaipur,2019-09,67.46433333333333,31.081666666666667,76.33333333333333
Jorapokhar,2019-09,38.7624,21.2828,81.52
Kochi,2019-09,0.0,0.0,0.0
Kolkata,2019-09,33.315333333333335,16.154666666666667,46.36666666666667
Mumbai,2019-09,37.583333333333336,12.331666666666667,58.06666666666667
Patna,2019-09,0.0,0.0,0.0
Shillong,2019-09,17.56740740740741,9.936666666666667,40.888888888888886
Talcher,2019-09,49.97434782608696,18.64608695652174,72.26086956521739
Thiruvananthapuram,2019-09,27.944827586206895,13.05448275862069,60.48275862068966
Visakhapatnam,2019-09,70.1975,24.846666666666668,80.91666666666667
Ahmedabad,2019-10,143.89399999999998,77.384,621.3333333333334
Aizawl,2019-10,0.0,0.0,0.0
Amaravati,2019-10,33.07666666666667,16.73,54.75
Amritsar,2019-10,121.47838709677418,71.28967741935485,149.16129032258064
Bengaluru,2019-10,54.186129032258066,27.417419354838707,81.12903225806451
Bhopal,2019-10,132.38129032258064,51.97193548387097,135.32258064516128
Brajrajnagar,2019-10,74.32222222222222,35.022592592592595,102.96296296296296
Chandigarh,2019-10,121.72,65.58258064516129,140.2258064516129
Chennai,2019-10,59.839999999999996,39.086129032258064,102.90322580645162
Coimbatore,2019-10,30.589655172413792,24.246206896551723,94.27586206896552
Delhi,2019-10,238.37129032258065,123.65709677419355,251.0
Ernakulam,2019-10,0.0,0.0,0.0
Gurugram,2019-10,190.2717857142857,108.43571428571428,222.25
Guwahati,2019-10,85.863,49.544,99.2
Hyderabad,2019-10,68.80387096774194,38.41903225806452,78.51612903225806
Jaipur,2019-10,129.00967741935486,61.72032258064516,137.80645161290323
Jorapokhar,2019-10,83.60166666666667,49.06666666666666,104.83333333333333
Kochi,2019-10,0.0,0.0,0.0
Kolkata,2019-10,96.29451612903226,57.56935483870968,125.51612903225806
Mumbai,2019-10,76.43935483870968,35.19193548387097,94.74193548387096
Patna,2019-10,0.0,0.0,0.0
Shillong,2019-10,30.443,19.663,54.25
Talcher,2019-10,57.578947368421055,27.31263157894737,82.94736842105263
Thiruvananthapuram,2019-10,28.259999999999998,16.48035714285714,64.25
Visakhapatnam,2019-10,77.52111111111111,30.987037037037037,95.74074074074075
Ahmedabad,2019-11,111.90033333333334,61.803666666666665,451.0
Aizawl,2019-11,0.0,0.0,0.0
Amaravati,2019-11,96.48466666666667,59.327999999999996,117.8
Amritsar,2019-11,160.38,84.43866666666666,192.76666666666668
Bengaluru,2019-11,80.773,40.26,96.2
Bhopal,2019-11,190.197,89.591,205.6
Brajrajnagar,2019-11,155.25357142857143,70.39821428571429,157.60714285714286
Chandigarh,2019-11,130.278,76.36433333333333,168.46666666666667
Chennai,2019-11,103.25,54.324137931034485,123.03448275862068
Coimbatore,2019-11,45.984482758620686,36.193103448275856,71.17241379310344
Delhi,2019-11,314.4376666666667,205.3936666666667,356.1
Ernakulam,2019-11,0.0,0.0,0.0
Gurugram,2019-11,286.11266666666666,181.95033333333333,311.06666666666666
Guwahati,2019-11,123.00133333333333,64.88000000000001,140.4
Hyderabad,2019-11,130.779,68.56333333333333,137.96666666666667
Jaipur,2019-11,140.5006666666667,69.82766666666666,163.2
Jorapokhar,2019-11,163.25892857142858,89.09535714285714,186.85714285714286
Kochi,2019-11,0.0,0.0,0.0
Kolkata,2019-11,177.93966666666665,87.233,204.93333333333334
Mumbai,2019-11,118.37599999999999,61.126999999999995,136.23333333333332
Patna,2019-11,0.0,0.0,0.0
Shillong,2019-11,14.185714285714285,11.831428571428571,29.142857142857142
Talcher,2019-11,246.70714285714283,70.19142857142857,210.0
Thiruvananthapuram,2019-11,43.19133333333333,21.745333333333335,78.86666666666666
Visakhapatnam,2019-11,131.44275862068966,70.54068965517241,151.6206896551724
Ahmedabad,2019-12,109.82806451612903,63.708064516129035,293.5483870967742
Aizawl,2019-12,0.0,0.0,0.0
Amaravati,2019-12,93.97774193548386,60.54774193548387,116.58064516129032
Amritsar,2019-12,98.98483870967742,68.4758064516129,137.93548387096774
Bengaluru,2019-12,71.76548387096774,35.258709677419354,81.7741935483871
Bhopal,2019-12,155.63548387096773,84.71129032258065,185.51612903225808
Brajrajnagar,2019-12,136.1458064516129,67.85483870967742,141.5483870967742
Chandigarh,2019-12,118.98548387096774,68.43193548387096,139.6451612903226
Chennai,2019-12,59.532000000000004,43.24733333333334,80.96666666666667
Coimbatore,2019-12,47.91133333333333,38.11133333333333,70.7
Delhi,2019-12,308.6396774193548,205.24161290322579,353.9032258064516
Ernakulam,2019-12,0.0,0.0,0.0
Gurugram,2019-12,269.13451612903225,150.76870967741937,287.48387096774195
Guwahati,2019-12,188.10999999999999,124.2432258064516,268.9032258064516
Hyderabad,2019-12,121.6258064516129,65.04774193548387,131.32258064516128
Jaipur,2019-12,128.10064516129032,55.31612903225806,130.0
Jorapokhar,2019-12,198.41354838709677,87.14322580645161,193.80645161290323
Kochi,2019-12,0.0,0.0,0.0
Kolkata,2019-12,184.65645161290323,91.12258064516129,208.90322580645162
Mumbai,2019-12,150.23032258064518,81.86870967741935,182.32258064516128
Patna,2019-12,197.3625,168.9875,331.875
Shillong,2019-12,0.0,0.0,0.0
Talcher,2019-12,251.88482758620688,102.50965517241379,242.0
Thiruvananthapuram,2019-12,55.038387096774194,29.809032258064516,90.6774193548387
Visakhapatnam,2019-12,100.87318181818182,50.504090909090905,107.77272727272727
Ahmedabad,2020-01,111.68481481481483,54.91555555555556,294.1111111111111
Aizawl,2020-01,0.0,0.0,0.0
Amaravati,2020-01,73.46451612903226,47.41645161290323,88.03225806451613
Amritsar,2020-01,86.41612903225807,51.18096774193548,104.80645161290323
Bengaluru,2020-01,83.49516129032257,39.31322580645161,95.3225806451613
Bhopal,2020-01,142.44290322580645,72.61548387096774,160.51612903225808
Brajrajnagar,2020-01,133.96370370370371,71.51,155.5185185185185
Chandigarh,2020-01,94.05645161290323,45.361612903225804,94.06451612903226
Chennai,2020-01,64.41096774193548,44.229677419354836,87.51612903225806
Coimbatore,2020-01,50.20133333333333,37.67333333333333,76.43333333333334
Delhi,2020-01,238.52290322580646,157.11258064516127,308.4516129032258
Ernakulam,2020-01,85.69142857142857,51.730000000000004,136.85714285714286
Gurugram,2020-01,177.2216129032258,114.31870967741936,242.2258064516129
Guwahati,2020-01,218.41433333333333,144.23999999999998,292.56666666666666
Hyderabad,2020-01,104.00645161290323,52.32258064516129,104.54838709677419
Jaipur,2020-01,106.64129032258064,47.08870967741935,112.45161290322581
Jorapokhar,2020-01,179.8141935483871,62.06225806451613,162.93548387096774
Kochi,2020-01,112.69777777777777,62.31444444444445,156.11111111111111
Kolkata,2020-01,183.1648387096774,94.27967741935484,216.93548387096774
Mumbai,2020-01,151.04806451612902,72.87064516129031,168.6451612903226
Patna,2020-01,170.55387096774194,125.87870967741935,262.83870967741933
Shillong,2020-01,45.52952380952381,35.83238095238095,68.61904761904762
Talcher,2020-01,273.62724137931036,152.95310344827587,301.41379310344826
Thiruvananthapuram,2020-01,64.68032258064517,35.939032258064515,78.25806451612904
Visakhapatnam,2020-01,121.864,59.538666666666664,124.5
Ahmedabad,2020-02,144.90793103448274,73.89068965517241,547.6896551724138
Aizawl,2020-02,0.0,0.0,0.0
Amaravati,2020-02,61.15379310344828,34.742413793103445,67.10344827586206
Amritsar,2020-02,127.51038461538461,57.74807692307692,128.80769230769232
Bengaluru,2020-02,92.36896551724138,41.60724137931034,96.48275862068965
Bhopal,2020-02,138.94655172413792,51.250344827586204,128.6206896551724
Brajrajnagar,2020-02,138.89481481481482,66.7262962962963,136.37037037037038
Chandigarh,2020-02,94.22068965517242,42.32206896551724,93.37931034482759
Chennai,2020-02,67.57758620689656,37.013448275862075,78.13793103448276
Coimbatore,2020-02,53.05142857142857,40.275,83.96428571428571
Delhi,2020-02,219.87551724137933,121.48413793103448,262.13793103448273
Ernakulam,2020-02,74.87586206896552,45.36448275862069,96.17241379310344
Gurugram,2020-02,175.34620689655173,88.8251724137931,197.13793103448276
Guwahati,2020-02,205.81344827586207,120.89413793103449,266.62068965517244
Hyderabad,2020-02,98.05379310344827,43.74655172413794,94.96551724137932
Jaipur,2020-02,123.38379310344828,55.22827586206896,125.24137931034483
Jorapokhar,2020-02,178.35666666666668,75.07000000000001,167.0
Kochi,2020-02,118.48034482758621,58.18137931034483,121.06896551724138
Kolkata,2020-02,171.23413793103447,84.14241379310346,197.72413793103448
Mumbai,2020-02,159.7258620689655,66.96758620689656,159.20689655172413
Patna,2020-02,169.2948275862069,84.84896551724138,201.20689655172413
Shillong,2020-02,66.82346153846154,49.34538461538462,93.57692307692308
Talcher,2020-02,142.67642857142857,85.51392857142856,192.32142857142858
Thiruvananthapuram,2020-02,69.41137931034483,41.40793103448276,88.62068965517241
Visakhapatnam,2020-02,96.20857142857143,45.49428571428571,97.75
Ahmedabad,2020-03,108.01566666666666,45.082,277.46666666666664
Aizawl,2020-03,47.452999999999996,39.2565,65.35
Amaravati,2020-03,41.13225806451613,22.588387096774195,52.54838709677419
Amritsar,2020-03,85.37333333333332,28.166333333333334,83.73333333333333
Bengaluru,2020-03,79.96645161290323,38.193225806451615,90.74193548387096
Bhopal,2020-03,109.92392857142856,32.75785714285714,109.71428571428571
Brajrajnagar,2020-03,130.58285714285714,66.34785714285714,148.78571428571428
Chandigarh,2020-03,53.34645161290322,19.636129032258065,55.41935483870968
Chennai,2020-03,42.87033333333333,31.625333333333334,70.26666666666667
Coimbatore,2020-03,50.592727272727274,35.82181818181818,78.27272727272727
Delhi,2020-03,122.18903225806451,57.50645161290323,135.83870967741936
Ernakulam,2020-03,57.74814814814815,29.468888888888888,85.07407407407408
Gurugram,2020-03,111.83548387096775,52.93709677419355,122.03225806451613
Guwahati,2020-03,165.3183870967742,84.95935483870967,193.80645161290323
Hyderabad,2020-03,80.47096774193548,35.884838709677425,78.74193548387096
Jaipur,2020-03,82.63967741935484,34.32354838709677,100.93548387096774
Jorapokhar,2020-03,127.45454545454545,63.76363636363636,170.36363636363637
Kochi,2020-03,97.53533333333333,36.535999999999994,129.16666666666666
Kolkata,2020-03,95.39612903225807,51.490645161290324,122.83870967741936
Mumbai,2020-03,106.5067741935484,32.715806451612906,104.64516129032258
Patna,2020-03,141.55483870967743,64.32064516129033,158.41935483870967
Shillong,2020-03,54.25354838709678,35.998709677419356,67.87096774193549
Talcher,2020-03,76.08791666666666,41.172916666666666,117.25
Thiruvananthapuram,2020-03,55.81193548387097,28.815161290322582,74.74193548387096
Visakhapatnam,2020-03,75.99466666666667,28.46833333333333,85.1
Ahmedabad,2020-04,81.426,31.055666666666664,120.73333333333333
Aizawl,2020-04,27.434666666666665,20.974666666666668,39.233333333333334
Amaravati,2020-04,38.55133333333333,17.544666666666668,44.4
Amritsar,2020-04,56.72666666666667,18.607083333333332,58.708333333333336
Bengaluru,2020-04,46.86300000000001,24.93166666666667,68.53333333333333
Bhopal,2020-04,110.58521739130435,43.87304347826087,113.78260869565217
Brajrajnagar,2020-04,141.98423076923078,62.14730769230769,137.92307692307693
Chandigarh,2020-04,38.62896551724138,14.274827586206895,44.58620689655172
Chennai,2020-04,174.0911111111111,20.77,64.0
Coimbatore,2020-04,29.537647058823527,23.370588235294118,84.82352941176471
Delhi,2020-04,104.87766666666667,44.940000000000005,113.0
Ernakulam,2020-04,35.715,17.744666666666667,70.1
Gurugram,2020-04,91.34366666666666,41.787,111.16666666666667
Guwahati,2020-04,98.28633333333333,54.861,127.83333333333333
Hyderabad,2020-04,59.741,30.010333333333335,65.0
Jaipur,2020-04,75.73666666666666,28.631333333333334,86.2
Jorapokhar,2020-04,107.54433333333333,43.419333333333334,121.4
Kochi,2020-04,34.89266666666666,19.66033333333333,77.03333333333333
Kolkata,2020-04,46.74733333333334,24.420666666666666,70.36666666666666
Mumbai,2020-04,66.265,22.849666666666668,74.33333333333333
Patna,2020-04,99.466,39.32333333333334,131.16666666666666
Shillong,2020-04,67.69,35.2225,75.75
Talcher,2020-04,67.41125,38.47375,128.25
Thiruvananthapuram,2020-04,40.23833333333334,18.987333333333332,57.06666666666667
Visakhapatnam,2020-04,54.36629629629629,16.872222222222224,55.0
Ahmedabad,2020-05,76.80354838709677,26.304516129032258,128.67741935483872
Aizawl,2020-05,16.229032258064517,11.48967741935484,24.193548387096776
Amaravati,2020-05,58.212857142857146,21.624285714285715,60.17857142857143
Amritsar,2020-05,76.56129032258065,33.91161290322581,77.6774193548387
Bengaluru,2020-05,59.758709677419354,21.26967741935484,73.16129032258064
Bhopal,2020-05,84.04290322580646,21.846129032258066,104.45161290322581
Brajrajnagar,2020-05,108.98214285714286,45.92285714285714,127.07142857142857
Chandigarh,2020-05,66.71935483870968,21.161935483870966,74.12903225806451
Chennai,2020-05,177.0275,22.9675,80.75
Coimbatore,2020-05,30.951428571428572,23.510714285714283,58.035714285714285
Delhi,2020-05,137.66225806451612,55.44870967741936,148.6451612903226
Ernakulam,2020-05,36.803225806451614,15.23258064516129,97.2258064516129
Gurugram,2020-05,123.58548387096775,53.40161290322581,146.80645161290323
Guwahati,2020-05,40.792258064516126,23.478709677419356,52.74193548387097
Hyderabad,2020-05,80.47806451612904,30.11774193548387,79.35483870967742
Jaipur,2020-05,111.71774193548387,41.10709677419354,113.25806451612904
Jorapokhar,2020-05,129.3009677419355,47.06806451612903,135.58064516129033
Kochi,2020-05,35.63896551724138,16.899655172413794,84.72413793103448
Kolkata,2020-05,37.91225806451613,16.10225806451613,53.16129032258065
Mumbai,2020-05,53.71645161290323,14.676129032258066,63.935483870967744
Patna,2020-05,101.17612903225806,31.668064516129032,138.51612903225808
Shillong,2020-05,24.50193548387097,15.963870967741935,32.45161290322581
Talcher,2020-05,64.62629629629629,30.921481481481482,101.33333333333333
Thiruvananthapuram,2020-05,39.06935483870968,16.655161290322578,55.96774193548387
Visakhapatnam,2020-05,68.66741935483871,17.7958064516129,64.90322580645162
Ahmedabad,2020-06,107.34076923076924,30.89846153846154,98.1923076923077
Aizawl,2020-06,10.330370370370371,3.2777777777777777,20.962962962962962
Amaravati,2020-06,32.233,12.155666666666667,47.86666666666667
Amritsar,2020-06,112.08428571428571,32.93571428571429,101.85714285714286
Bengaluru,2020-06,41.062999999999995,18.03533333333333,55.166666666666664
Bhopal,2020-06,47.514,16.442666666666668,71.66666666666667
Brajrajnagar,2020-06,163.47,48.10833333333333,117.33333333333333
Chandigarh,2020-06,56.22,23.560333333333332,66.5
Chennai,2020-06,53.95724137931035,29.4151724137931,103.86206896551724
Coimbatore,2020-06,20.929666666666666,14.551666666666668,38.36666666666667
Delhi,2020-06,121.20933333333332,46.69466666666666,125.73333333333333
Ernakulam,2020-06,27.072222222222223,11.04037037037037,103.81481481481481
Gurugram,2020-06,127.007,51.09066666666667,132.73333333333332
Guwahati,2020-06,33.22933333333334,19.552666666666667,42.3
Hyderabad,2020-06,45.096333333333334,18.634333333333334,47.06666666666667
Jaipur,2020-06,84.852,35.321333333333335,94.1
Jorapokhar,2020-06,153.995,27.15,190.5
Kochi,2020-06,32.617666666666665,18.445333333333334,93.86666666666666
Kolkata,2020-06,34.760666666666665,13.643,46.46666666666667
Mumbai,2020-06,35.18566666666666,11.241000000000001,53.3
Patna,2020-06,62.226,22.27466666666667,82.36666666666666
Shillong,2020-06,17.581785714285715,11.653571428571428,32.67857142857143
Talcher,2020-06,33.65705882352941,22.154117647058825,80.23529411764706
Thiruvananthapuram,2020-06,40.896428571428565,21.169285714285714,45.92857142857143
Visakhapatnam,2020-06,81.02933333333334,23.421666666666667,82.2
Ahmedabad,2020-07,0.0,0.0,0.0
Aizawl,2020-07,5.39,4.49,20.0
Amaravati,2020-07,34.0,22.0,54.0
Amritsar,2020-07,100.99,57.67,78.0
Bengaluru,2020-07,30.48,17.5,43.0
Bhopal,2020-07,30.0,14.0,69.0
Brajrajnagar,2020-07,0.0,0.0,0.0
Chandigarh,2020-07,72.38,32.9,66.0
Chennai,2020-07,4.85,15.95,92.0
Coimbatore,2020-07,0.0,0.0,0.0
Delhi,2020-07,128.66,54.01,101.0
Ernakulam,2020-07,13.91,5.88,111.0
Gurugram,2020-07,174.08,61.64,157.0
Guwahati,2020-07,53.0,40.0,36.0
Hyderabad,2020-07,66.5,26.83,48.0
Jaipur,2020-07,103.68,58.79,70.0
Jorapokhar,2020-07,0.0,0.0,0.0
Kochi,2020-07,10.97,5.97,102.0
Kolkata,2020-07,31.58,10.53,45.0
Mumbai,2020-07,11.28,3.84,53.0
Patna,2020-07,57.82,35.42,98.0
Shillong,2020-07,29.4,16.7,24.0
Talcher,2020-07,31.06,24.85,101.0
Thiruvananthapuram,2020-07,35.0,2.0,41.0
Visakhapatnam,2020-07,66.0,15.0,50.0
